Workbook

Sheet Sheet1
A2: - Selected the variables/data for the 35 countries of group 2019-2022 and used the same group of countries to select the variables/data for 2012-2022
A3: - Countries: Brazil, Canada, Chile, Colombia, Croatia, Cyprus, Egypt, Germany, Greece, Guatemala, India, Iran, Israel, Japan, Latvia, Luxembourg, Morocco, Netherlands, Norway, Oman, Panama, Poland, Qatar, Saudi Arabia, Slovakia, Slovenia, South Africa, South Korea, Spain, Sweden, Switzerland, Taiwan, United Arab Emirates, United Kingdom, United States
A4: - Removed Nbstat from 2012-2022 as it was the only variable with too many missing data
A5: - Removed 9 countries from the 2012-2022 group with more than 1 variable with missing data for more than 1 consecutive year
A6: - Removed 6 countries from the 2019-2022 group with Nbstat missing as it was the only variable with missing data for more than 1 consecutive year
A7: - Intepolated data (w/average) for 2012-2022 (all variables): Canada (2012), Guatemala (2012), India (2012), Israel (2012), Latvia (2014, 2018), Luxembourg (2012), South Africa (2018, 2020), South Korea (2014), Taiwan (2021)
A8: - Intepolated data (w/average) for 2019-2022 (all variables): Japan (2020), South Africa (2020), Taiwan (2021), Canada (Nbstat, 2021)
A9: - Baseline sample (S2012-2022 & S2019-2022) removes years with interpolated data - Unbalanced panel
A10: - Y(TEA 18-34) = (Teaap1 + Teaap2) / ((Teaap1 / Teaac1) + (Teaap2 / Teaac2))
A11: - Variables standardised with (xi,t-avg(xi))/std(xi)
A13: - Data
A14: Sample: S2012-2022 & S2019-2022
... A26: Script and a short codebook mapping the GEM variable names to X1–X8 in Section 7.2.1

Sheet S2012-2022
A1: Country | B1: Year | C1: Region | D1: Income Group | E1: TEA_18_34 | F1: Teaap1 | G1: Teaap2 | H1: Teaac1 | I1: Teaac2 | J1: Suskil | K1: Futsup | L1: Knoent | M1: Frfail | N1: Opport | O1: RQ
A2: Brazil | B2: 2012 | C2: Latin America & Caribbean | D2: Upper-middle income | E2: =('2012-2022'!E2-'2012-2022'!R$2)/'2012-2022'!R$3 -> 0.46131176 | F2: =('2012-2022'!F2-'2012-2022'!S$2)/'2012-2022'!S$3 -> 0.61320248 | G2: =('2012-2022'!G2-'2012-2022'!T$2)/'2012-2022'!T$3 -> 0.51305812 | H2: =('2012-2022'!H2-'2012-2022'!U$2)/'2012-2022'!U$3 -> 0.38704089 | I2: =('2012-2022'!I2-'2012-2022'!V$2)/'2012-2022'!V$3 -> 0.50009164 | J2: =('2012-2022'!J2-'2012-2022'!W$2)/'2012-2022'!W$3 -> 0.22079 | K2: =('2012-2022'!K2-'2012-2022'!X$2)/'2012-2022'!X$3 -> 1.1419892 | L2: =('2012-2022'!L2-'2012-2022'!Y$2)/'2012-2022'!Y$3 -> -0.64550296 | ... N2: =('2012-2022'!N2-'2012-2022'!AA$2)/'2012-2022'!AA$3 -> 0.47258317 | O2: =('2012-2022'!P2-'2012-2022'!AC$2)/'2012-2022'!AC$3 -> -0.80178649
A3: Brazil | B3: 2013 | C3: Latin America & Caribbean | D3: Upper-middle income | E3: =('2012-2022'!E3-'2012-2022'!R$2)/'2012-2022'!R$3 -> 0.80520701 | F3: =('2012-2022'!F3-'2012-2022'!S$2)/'2012-2022'!S$3 -> 0.42991577 | G3: =('2012-2022'!G3-'2012-2022'!T$2)/'2012-2022'!T$3 -> 0.40022211 | H3: =('2012-2022'!H3-'2012-2022'!U$2)/'2012-2022'!U$3 -> 0.66424304 | I3: =('2012-2022'!I3-'2012-2022'!V$2)/'2012-2022'!V$3 -> 0.8546701 | J3: =('2012-2022'!J3-'2012-2022'!W$2)/'2012-2022'!W$3 -> 0.10583261 | K3: =('2012-2022'!K3-'2012-2022'!X$2)/'2012-2022'!X$3 -> 0.54210743 | L3: =('2012-2022'!L3-'2012-2022'!Y$2)/'2012-2022'!Y$3 -> -0.30051546 | ... N3: =('2012-2022'!N3-'2012-2022'!AA$2)/'2012-2022'!AA$3 -> 0.38091909 | O3: =('2012-2022'!P3-'2012-2022'!AC$2)/'2012-2022'!AC$3 -> -0.87645841
A4: Brazil | B4: 2014 | C4: Latin America & Caribbean | D4: Upper-middle income | E4: =('2012-2022'!E4-'2012-2022'!R$2)/'2012-2022'!R$3 -> 0.81947257 | F4: =('2012-2022'!F4-'2012-2022'!S$2)/'2012-2022'!S$3 -> 0.65024617 | G4: =('2012-2022'!G4-'2012-2022'!T$2)/'2012-2022'!T$3 -> 0.57557358 | H4: =('2012-2022'!H4-'2012-2022'!U$2)/'2012-2022'!U$3 -> 0.66498584 | I4: =('2012-2022'!I4-'2012-2022'!V$2)/'2012-2022'!V$3 -> 0.89452695 | J4: =('2012-2022'!J4-'2012-2022'!W$2)/'2012-2022'!W$3 -> -0.12512146 | K4: =('2012-2022'!K4-'2012-2022'!X$2)/'2012-2022'!X$3 -> -0.0077939203 | L4: =('2012-2022'!L4-'2012-2022'!Y$2)/'2012-2022'!Y$3 -> -0.32076304 | ... N4: =('2012-2022'!N4-'2012-2022'!AA$2)/'2012-2022'!AA$3 -> 0.66759893 | O4: =('2012-2022'!P4-'2012-2022'!AC$2)/'2012-2022'!AC$3 -> -1.0858036
A5: Brazil | B5: 2015 | C5: Latin America & Caribbean | D5: Upper-middle income | E5: =('2012-2022'!E5-'2012-2022'!R$2)/'2012-2022'!R$3 -> 1.4124962 | F5: =('2012-2022'!F5-'2012-2022'!S$2)/'2012-2022'!S$3 -> 0.78124704 | G5: =('2012-2022'!G5-'2012-2022'!T$2)/'2012-2022'!T$3 -> 0.35944596 | H5: =('2012-2022'!H5-'2012-2022'!U$2)/'2012-2022'!U$3 -> 1.3070458 | I5: =('2012-2022'!I5-'2012-2022'!V$2)/'2012-2022'!V$3 -> 1.414457 | J5: =('2012-2022'!J5-'2012-2022'!W$2)/'2012-2022'!W$3 -> 0.59639616 | K5: =('2012-2022'!K5-'2012-2022'!X$2)/'2012-2022'!X$3 -> 0.095645263 | L5: =('2012-2022'!L5-'2012-2022'!Y$2)/'2012-2022'!Y$3 -> 0.79271187 | ... N5: =('2012-2022'!N5-'2012-2022'!AA$2)/'2012-2022'!AA$3 -> -0.15058706 | O5: =('2012-2022'!P5-'2012-2022'!AC$2)/'2012-2022'!AC$3 -> -1.1610231
A6: Brazil | B6: 2016 | C6: Latin America & Caribbean | D6: Upper-middle income | E6: =('2012-2022'!E6-'2012-2022'!R$2)/'2012-2022'!R$3 -> 1.1050953 | F6: =('2012-2022'!F6-'2012-2022'!S$2)/'2012-2022'!S$3 -> 0.85488076 | G6: =('2012-2022'!G6-'2012-2022'!T$2)/'2012-2022'!T$3 -> -0.012055777 | H6: =('2012-2022'!H6-'2012-2022'!U$2)/'2012-2022'!U$3 -> 1.2079504 | I6: =('2012-2022'!I6-'2012-2022'!V$2)/'2012-2022'!V$3 -> 0.98274853 | J6: =('2012-2022'!J6-'2012-2022'!W$2)/'2012-2022'!W$3 -> 0.18858427 | K6: =('2012-2022'!K6-'2012-2022'!X$2)/'2012-2022'!X$3 -> 0.43948567 | L6: =('2012-2022'!L6-'2012-2022'!Y$2)/'2012-2022'!Y$3 -> -0.034906039 | ... N6: =('2012-2022'!N6-'2012-2022'!AA$2)/'2012-2022'!AA$3 -> -0.28407509 | O6: =('2012-2022'!P6-'2012-2022'!AC$2)/'2012-2022'!AC$3 -> -1.160896
A7: Brazil | B7: 2017 | C7: Latin America & Caribbean | D7: Upper-middle income | E7: =('2012-2022'!E7-'2012-2022'!R$2)/'2012-2022'!R$3 -> 1.7235449 | F7: =('2012-2022'!F7-'2012-2022'!S$2)/'2012-2022'!S$3 -> 0.7297846 | G7: =('2012-2022'!G7-'2012-2022'!T$2)/'2012-2022'!T$3 -> 1.1797892 | H7: =('2012-2022'!H7-'2012-2022'!U$2)/'2012-2022'!U$3 -> 1.233148 | I7: =('2012-2022'!I7-'2012-2022'!V$2)/'2012-2022'!V$3 -> 1.9761987 | J7: =('2012-2022'!J7-'2012-2022'!W$2)/'2012-2022'!W$3 -> 0.39038107 | K7: =('2012-2022'!K7-'2012-2022'!X$2)/'2012-2022'!X$3 -> -0.27066779 | L7: =('2012-2022'!L7-'2012-2022'!Y$2)/'2012-2022'!Y$3 -> 0.077674937 | ... N7: =('2012-2022'!N7-'2012-2022'!AA$2)/'2012-2022'!AA$3 -> 0.10053571 | O7: =('2012-2022'!P7-'2012-2022'!AC$2)/'2012-2022'!AC$3 -> -1.1736093
A8: Brazil | B8: 2018 | C8: Latin America & Caribbean | D8: Upper-middle income | E8: =('2012-2022'!E8-'2012-2022'!R$2)/'2012-2022'!R$3 -> 0.95421375 | F8: =('2012-2022'!F8-'2012-2022'!S$2)/'2012-2022'!S$3 -> 1.2689781 | G8: =('2012-2022'!G8-'2012-2022'!T$2)/'2012-2022'!T$3 -> -0.31297931 | H8: =('2012-2022'!H8-'2012-2022'!U$2)/'2012-2022'!U$3 -> 1.3626428 | I8: =('2012-2022'!I8-'2012-2022'!V$2)/'2012-2022'!V$3 -> 0.62846872 | J8: =('2012-2022'!J8-'2012-2022'!W$2)/'2012-2022'!W$3 -> 0.24959855 | K8: =('2012-2022'!K8-'2012-2022'!X$2)/'2012-2022'!X$3 -> 0.3000493 | L8: =('2012-2022'!L8-'2012-2022'!Y$2)/'2012-2022'!Y$3 -> -0.58465767 | ... N8: =('2012-2022'!N8-'2012-2022'!AA$2)/'2012-2022'!AA$3 -> -0.83102874 | O8: =('2012-2022'!P8-'2012-2022'!AC$2)/'2012-2022'!AC$3 -> -1.3470426
A9: Brazil | B9: 2019 | C9: Latin America & Caribbean | D9: Upper-middle income | E9: =('2012-2022'!E9-'2012-2022'!R$2)/'2012-2022'!R$3 -> 1.6130318 | F9: =('2012-2022'!F9-'2012-2022'!S$2)/'2012-2022'!S$3 -> 0.7937986 | G9: =('2012-2022'!G9-'2012-2022'!T$2)/'2012-2022'!T$3 -> -0.39864155 | H9: =('2012-2022'!H9-'2012-2022'!U$2)/'2012-2022'!U$3 -> 1.789714 | I9: =('2012-2022'!I9-'2012-2022'!V$2)/'2012-2022'!V$3 -> 1.4075997 | J9: =('2012-2022'!J9-'2012-2022'!W$2)/'2012-2022'!W$3 -> 0.91969675 | K9: =('2012-2022'!K9-'2012-2022'!X$2)/'2012-2022'!X$3 -> 0.9091966 | L9: =('2012-2022'!L9-'2012-2022'!Y$2)/'2012-2022'!Y$3 -> 0.79056445 | ... N9: =('2012-2022'!N9-'2012-2022'!AA$2)/'2012-2022'!AA$3 -> 0.09750111 | O9: =('2012-2022'!P9-'2012-2022'!AC$2)/'2012-2022'!AC$3 -> -1.1649089
A10: Brazil | B10: 2020 | C10: Latin America & Caribbean | D10: Upper-middle income | E10: =('2012-2022'!E10-'2012-2022'!R$2)/'2012-2022'!R$3 -> 1.6891948 | F10: =('2012-2022'!F10-'2012-2022'!S$2)/'2012-2022'!S$3 -> 0.54710387 | G10: =('2012-2022'!G10-'2012-2022'!T$2)/'2012-2022'!T$3 -> -0.1544359 | H10: =('2012-2022'!H10-'2012-2022'!U$2)/'2012-2022'!U$3 -> 1.5883446 | I10: =('2012-2022'!I10-'2012-2022'!V$2)/'2012-2022'!V$3 -> 1.6740679 | J10: =('2012-2022'!J10-'2012-2022'!W$2)/'2012-2022'!W$3 -> 1.4272962 | K10: =('2012-2022'!K10-'2012-2022'!X$2)/'2012-2022'!X$3 -> 2.1548994 | L10: =('2012-2022'!L10-'2012-2022'!Y$2)/'2012-2022'!Y$3 -> 2.5914596 | ... N10: =('2012-2022'!N10-'2012-2022'!AA$2)/'2012-2022'!AA$3 -> 0.77778784 | O10: =('2012-2022'!P10-'2012-2022'!AC$2)/'2012-2022'!AC$3 -> -1.2308677
A11: Brazil | B11: 2021 | C11: Latin America & Caribbean | D11: Upper-middle income | E11: =('2012-2022'!E11-'2012-2022'!R$2)/'2012-2022'!R$3 -> 1.2758856 | F11: =('2012-2022'!F11-'2012-2022'!S$2)/'2012-2022'!S$3 -> -0.30446902 | G11: =('2012-2022'!G11-'2012-2022'!T$2)/'2012-2022'!T$3 -> 0.35898325 | H11: =('2012-2022'!H11-'2012-2022'!U$2)/'2012-2022'!U$3 -> 0.59120502 | I11: =('2012-2022'!I11-'2012-2022'!V$2)/'2012-2022'!V$3 -> 1.6394813 | J11: =('2012-2022'!J11-'2012-2022'!W$2)/'2012-2022'!W$3 -> 1.3305621 | K11: =('2012-2022'!K11-'2012-2022'!X$2)/'2012-2022'!X$3 -> 2.1124217 | L11: =('2012-2022'!L11-'2012-2022'!Y$2)/'2012-2022'!Y$3 -> 2.3041006 | ... N11: =('2012-2022'!N11-'2012-2022'!AA$2)/'2012-2022'!AA$3 -> 0.6218334 | O11: =('2012-2022'!P11-'2012-2022'!AC$2)/'2012-2022'!AC$3 -> -1.2298449
A12: Brazil | B12: 2022 | C12: Latin America & Caribbean | D12: Upper-middle income | E12: =('2012-2022'!E12-'2012-2022'!R$2)/'2012-2022'!R$3 -> 1.2560583 | F12: =('2012-2022'!F12-'2012-2022'!S$2)/'2012-2022'!S$3 -> 0.59344862 | G12: =('2012-2022'!G12-'2012-2022'!T$2)/'2012-2022'!T$3 -> -0.21864272 | H12: =('2012-2022'!H12-'2012-2022'!U$2)/'2012-2022'!U$3 -> 1.4409162 | I12: =('2012-2022'!I12-'2012-2022'!V$2)/'2012-2022'!V$3 -> 1.0583546 | J12: =('2012-2022'!J12-'2012-2022'!W$2)/'2012-2022'!W$3 -> 1.5419528 | K12: =('2012-2022'!K12-'2012-2022'!X$2)/'2012-2022'!X$3 -> 2.2446228 | L12: =('2012-2022'!L12-'2012-2022'!Y$2)/'2012-2022'!Y$3 -> 2.7134309 | ... N12: =('2012-2022'!N12-'2012-2022'!AA$2)/'2012-2022'!AA$3 -> 1.4338623 | O12: =('2012-2022'!P12-'2012-2022'!AC$2)/'2012-2022'!AC$3 -> -1.2900143
A13: Canada | B13: 2013 | C13: North America | D13: High income | E13: =('2012-2022'!E14-'2012-2022'!R$2)/'2012-2022'!R$3 -> 0.18655615 | F13: =('2012-2022'!F14-'2012-2022'!S$2)/'2012-2022'!S$3 -> -0.56318974 | G13: =('2012-2022'!G14-'2012-2022'!T$2)/'2012-2022'!T$3 -> 0.11048349 | H13: =('2012-2022'!H14-'2012-2022'!U$2)/'2012-2022'!U$3 -> -0.25141867 | I13: =('2012-2022'!I14-'2012-2022'!V$2)/'2012-2022'!V$3 -> 0.47470183 | J13: =('2012-2022'!J14-'2012-2022'!W$2)/'2012-2022'!W$3 -> -0.25577676 | K13: =('2012-2022'!K14-'2012-2022'!X$2)/'2012-2022'!X$3 -> -0.39875586 | L13: =('2012-2022'!L14-'2012-2022'!Y$2)/'2012-2022'!Y$3 -> -1.0973776 | ... N13: =('2012-2022'!N14-'2012-2022'!AA$2)/'2012-2022'!AA$3 -> 0.78031067 | O13: =('2012-2022'!P14-'2012-2022'!AC$2)/'2012-2022'!AC$3 -> 1.1642638
A14: Canada | B14: 2014 | C14: North America | D14: High income | E14: =('2012-2022'!E15-'2012-2022'!R$2)/'2012-2022'!R$3 -> 0.066263931 | F14: =('2012-2022'!F15-'2012-2022'!S$2)/'2012-2022'!S$3 -> -0.23038586 | G14: =('2012-2022'!G15-'2012-2022'!T$2)/'2012-2022'!T$3 -> -0.93616216 | H14: =('2012-2022'!H15-'2012-2022'!U$2)/'2012-2022'!U$3 -> 0.083092709 | I14: =('2012-2022'!I15-'2012-2022'!V$2)/'2012-2022'!V$3 -> 0.064878601 | J14: =('2012-2022'!J15-'2012-2022'!W$2)/'2012-2022'!W$3 -> -0.2103933 | K14: =('2012-2022'!K15-'2012-2022'!X$2)/'2012-2022'!X$3 -> -0.42025796 | L14: =('2012-2022'!L15-'2012-2022'!Y$2)/'2012-2022'!Y$3 -> -0.86417624 | ... N14: =('2012-2022'!N15-'2012-2022'!AA$2)/'2012-2022'!AA$3 -> 0.66640035 | O14: =('2012-2022'!P15-'2012-2022'!AC$2)/'2012-2022'!AC$3 -> 1.0752585
A15: Canada | B15: 2015 | C15: North America | D15: High income | E15: =('2012-2022'!E16-'2012-2022'!R$2)/'2012-2022'!R$3 -> 0.48797552 | F15: =('2012-2022'!F16-'2012-2022'!S$2)/'2012-2022'!S$3 -> 0.52111727 | G15: =('2012-2022'!G16-'2012-2022'!T$2)/'2012-2022'!T$3 -> -1.1494322 | H15: =('2012-2022'!H16-'2012-2022'!U$2)/'2012-2022'!U$3 -> 0.94186571 | I15: =('2012-2022'!I16-'2012-2022'!V$2)/'2012-2022'!V$3 -> 0.16490578 | J15: =('2012-2022'!J16-'2012-2022'!W$2)/'2012-2022'!W$3 -> -0.078476913 | K15: =('2012-2022'!K16-'2012-2022'!X$2)/'2012-2022'!X$3 -> -0.37177172 | L15: =('2012-2022'!L16-'2012-2022'!Y$2)/'2012-2022'!Y$3 -> -0.80721475 | ... N15: =('2012-2022'!N16-'2012-2022'!AA$2)/'2012-2022'!AA$3 -> 0.52127033 | O15: =('2012-2022'!P16-'2012-2022'!AC$2)/'2012-2022'!AC$3 -> 1.0456507
A16: Canada | B16: 2016 | C16: North America | D16: High income | E16: =('2012-2022'!E17-'2012-2022'!R$2)/'2012-2022'!R$3 -> 0.73732297 | F16: =('2012-2022'!F17-'2012-2022'!S$2)/'2012-2022'!S$3 -> -0.33367228 | G16: =('2012-2022'!G17-'2012-2022'!T$2)/'2012-2022'!T$3 -> -0.60342744 | H16: =('2012-2022'!H17-'2012-2022'!U$2)/'2012-2022'!U$3 -> 0.44345272 | I16: =('2012-2022'!I17-'2012-2022'!V$2)/'2012-2022'!V$3 -> 0.90440308 | J16: =('2012-2022'!J17-'2012-2022'!W$2)/'2012-2022'!W$3 -> 0.2323079 | K16: =('2012-2022'!K17-'2012-2022'!X$2)/'2012-2022'!X$3 -> -0.078952323 | L16: =('2012-2022'!L17-'2012-2022'!Y$2)/'2012-2022'!Y$3 -> -0.43148106 | ... N16: =('2012-2022'!N17-'2012-2022'!AA$2)/'2012-2022'!AA$3 -> 0.88049546 | O16: =('2012-2022'!P17-'2012-2022'!AC$2)/'2012-2022'!AC$3 -> 1.1859958
A17: Canada | B17: 2017 | C17: North America | D17: High income | E17: =('2012-2022'!E18-'2012-2022'!R$2)/'2012-2022'!R$3 -> 1.4769076 | F17: =('2012-2022'!F18-'2012-2022'!S$2)/'2012-2022'!S$3 -> -0.23434755 | G17: =('2012-2022'!G18-'2012-2022'!T$2)/'2012-2022'!T$3 -> 0.1473339 | H17: =('2012-2022'!H18-'2012-2022'!U$2)/'2012-2022'!U$3 -> 0.80281523 | I17: =('2012-2022'!I18-'2012-2022'!V$2)/'2012-2022'!V$3 -> 1.8467395 | J17: =('2012-2022'!J18-'2012-2022'!W$2)/'2012-2022'!W$3 -> 0.36366574 | K17: =('2012-2022'!K18-'2012-2022'!X$2)/'2012-2022'!X$3 -> 0.061334638 | L17: =('2012-2022'!L18-'2012-2022'!Y$2)/'2012-2022'!Y$3 -> -0.20045334 | ... N17: =('2012-2022'!N18-'2012-2022'!AA$2)/'2012-2022'!AA$3 -> 0.95898013 | O17: =('2012-2022'!P18-'2012-2022'!AC$2)/'2012-2022'!AC$3 -> 1.2783297
A18: Canada | B18: 2018 | C18: North America | D18: High income | E18: =('2012-2022'!E19-'2012-2022'!R$2)/'2012-2022'!R$3 -> 1.7798584 | F18: =('2012-2022'!F19-'2012-2022'!S$2)/'2012-2022'!S$3 -> 0.92911064 | G18: =('2012-2022'!G19-'2012-2022'!T$2)/'2012-2022'!T$3 -> -0.21127996 | H18: =('2012-2022'!H19-'2012-2022'!U$2)/'2012-2022'!U$3 -> 2.2053519 | I18: =('2012-2022'!I19-'2012-2022'!V$2)/'2012-2022'!V$3 -> 1.3966981 | J18: =('2012-2022'!J19-'2012-2022'!W$2)/'2012-2022'!W$3 -> 0.38739775 | K18: =('2012-2022'!K19-'2012-2022'!X$2)/'2012-2022'!X$3 -> 0.12991002 | L18: =('2012-2022'!L19-'2012-2022'!Y$2)/'2012-2022'!Y$3 -> -0.14832563 | ... N18: =('2012-2022'!N19-'2012-2022'!AA$2)/'2012-2022'!AA$3 -> 1.1299635 | O18: =('2012-2022'!P19-'2012-2022'!AC$2)/'2012-2022'!AC$3 -> 1.024783
A19: Canada | B19: 2019 | C19: North America | D19: High income | E19: =('2012-2022'!E20-'2012-2022'!R$2)/'2012-2022'!R$3 -> 2.005685 | F19: =('2012-2022'!F20-'2012-2022'!S$2)/'2012-2022'!S$3 -> 0.84331349 | G19: =('2012-2022'!G20-'2012-2022'!T$2)/'2012-2022'!T$3 -> 0.56820454 | H19: =('2012-2022'!H20-'2012-2022'!U$2)/'2012-2022'!U$3 -> 1.9737677 | I19: =('2012-2022'!I20-'2012-2022'!V$2)/'2012-2022'!V$3 -> 1.8950838 | J19: =('2012-2022'!J20-'2012-2022'!W$2)/'2012-2022'!W$3 -> 0.46918934 | K19: =('2012-2022'!K20-'2012-2022'!X$2)/'2012-2022'!X$3 -> -0.07871697 | L19: =('2012-2022'!L20-'2012-2022'!Y$2)/'2012-2022'!Y$3 -> 1.0671118 | ... N19: =('2012-2022'!N20-'2012-2022'!AA$2)/'2012-2022'!AA$3 -> 1.3850476 | O19: =('2012-2022'!P20-'2012-2022'!AC$2)/'2012-2022'!AC$3 -> 1.0755321
A20: Canada | B20: 2020 | C20: North America | D20: High income | E20: =('2012-2022'!E21-'2012-2022'!R$2)/'2012-2022'!R$3 -> 1.1554145 | F20: =('2012-2022'!F21-'2012-2022'!S$2)/'2012-2022'!S$3 -> 0.88465066 | G20: =('2012-2022'!G21-'2012-2022'!T$2)/'2012-2022'!T$3 -> -0.1787701 | H20: =('2012-2022'!H21-'2012-2022'!U$2)/'2012-2022'!U$3 -> 1.5272779 | I20: =('2012-2022'!I21-'2012-2022'!V$2)/'2012-2022'!V$3 -> 0.84616872 | J20: =('2012-2022'!J21-'2012-2022'!W$2)/'2012-2022'!W$3 -> 0.36619424 | K20: =('2012-2022'!K21-'2012-2022'!X$2)/'2012-2022'!X$3 -> -0.34725367 | L20: =('2012-2022'!L21-'2012-2022'!Y$2)/'2012-2022'!Y$3 -> 0.73615589 | ... N20: =('2012-2022'!N21-'2012-2022'!AA$2)/'2012-2022'!AA$3 -> 0.26759042 | O20: =('2012-2022'!P21-'2012-2022'!AC$2)/'2012-2022'!AC$3 -> 0.96267267
A21: Canada | B21: 2021 | C21: North America | D21: High income | E21: =('2012-2022'!E22-'2012-2022'!R$2)/'2012-2022'!R$3 -> 2.4361704 | F21: =('2012-2022'!F22-'2012-2022'!S$2)/'2012-2022'!S$3 -> 1.1302186 | G21: =('2012-2022'!G22-'2012-2022'!T$2)/'2012-2022'!T$3 -> 0.33709489 | H21: =('2012-2022'!H22-'2012-2022'!U$2)/'2012-2022'!U$3 -> 2.6865321 | I21: =('2012-2022'!I22-'2012-2022'!V$2)/'2012-2022'!V$3 -> 2.1203592 | J21: =('2012-2022'!J22-'2012-2022'!W$2)/'2012-2022'!W$3 -> 0.65378926 | K21: =('2012-2022'!K22-'2012-2022'!X$2)/'2012-2022'!X$3 -> 0.014885195 | L21: =('2012-2022'!L22-'2012-2022'!Y$2)/'2012-2022'!Y$3 -> 0.79519376 | ... N21: =('2012-2022'!N22-'2012-2022'!AA$2)/'2012-2022'!AA$3 -> 1.597507 | O21: =('2012-2022'!P22-'2012-2022'!AC$2)/'2012-2022'!AC$3 -> 1.0114463
A22: Canada | B22: 2022 | C22: North America | D22: High income | E22: =('2012-2022'!E23-'2012-2022'!R$2)/'2012-2022'!R$3 -> 1.4739039 | F22: =('2012-2022'!F23-'2012-2022'!S$2)/'2012-2022'!S$3 -> 0.36549235 | G22: =('2012-2022'!G23-'2012-2022'!T$2)/'2012-2022'!T$3 -> 0.68128219 | H22: =('2012-2022'!H23-'2012-2022'!U$2)/'2012-2022'!U$3 -> 1.2993143 | I22: =('2012-2022'!I23-'2012-2022'!V$2)/'2012-2022'!V$3 -> 1.4605179 | J22: =('2012-2022'!J23-'2012-2022'!W$2)/'2012-2022'!W$3 -> 0.34754857 | K22: =('2012-2022'!K23-'2012-2022'!X$2)/'2012-2022'!X$3 -> -0.16781355 | L22: =('2012-2022'!L23-'2012-2022'!Y$2)/'2012-2022'!Y$3 -> 0.44137732 | ... N22: =('2012-2022'!N23-'2012-2022'!AA$2)/'2012-2022'!AA$3 -> 0.87263877 | O22: =('2012-2022'!P23-'2012-2022'!AC$2)/'2012-2022'!AC$3 -> 1.0121264
A23: Chile | B23: 2012 | C23: Latin America & Caribbean | D23: High income | E23: =('2012-2022'!E24-'2012-2022'!R$2)/'2012-2022'!R$3 -> 1.2593932 | F23: =('2012-2022'!F24-'2012-2022'!S$2)/'2012-2022'!S$3 -> 0.074904173 | G23: =('2012-2022'!G24-'2012-2022'!T$2)/'2012-2022'!T$3 -> -0.074798197 | H23: =('2012-2022'!H24-'2012-2022'!U$2)/'2012-2022'!U$3 -> 0.94626053 | I23: =('2012-2022'!I24-'2012-2022'!V$2)/'2012-2022'!V$3 -> 1.4022033 | J23: =('2012-2022'!J24-'2012-2022'!W$2)/'2012-2022'!W$3 -> 0.73891929 | K23: =('2012-2022'!K24-'2012-2022'!X$2)/'2012-2022'!X$3 -> 1.7189809 | L23: =('2012-2022'!L24-'2012-2022'!Y$2)/'2012-2022'!Y$3 -> 0.009473236 | ... N23: =('2012-2022'!N24-'2012-2022'!AA$2)/'2012-2022'!AA$3 -> 1.2497444 | O23: =('2012-2022'!P24-'2012-2022'!AC$2)/'2012-2022'!AC$3 -> 0.9054701
A24: Chile | B24: 2013 | C24: Latin America & Caribbean | D24: High income | E24: =('2012-2022'!E25-'2012-2022'!R$2)/'2012-2022'!R$3 -> 1.3411268 | F24: =('2012-2022'!F25-'2012-2022'!S$2)/'2012-2022'!S$3 -> -0.57093537 | G24: =('2012-2022'!G25-'2012-2022'!T$2)/'2012-2022'!T$3 -> -0.17630524 | H24: =('2012-2022'!H25-'2012-2022'!U$2)/'2012-2022'!U$3 -> 0.35703412 | I24: =('2012-2022'!I25-'2012-2022'!V$2)/'2012-2022'!V$3 -> 2.0894713 | J24: =('2012-2022'!J25-'2012-2022'!W$2)/'2012-2022'!W$3 -> 0.7142967 | K24: =('2012-2022'!K25-'2012-2022'!X$2)/'2012-2022'!X$3 -> 1.9047444 | L24: =('2012-2022'!L25-'2012-2022'!Y$2)/'2012-2022'!Y$3 -> 0.041083928 | ... N24: =('2012-2022'!N25-'2012-2022'!AA$2)/'2012-2022'!AA$3 -> 1.4668076 | O24: =('2012-2022'!P25-'2012-2022'!AC$2)/'2012-2022'!AC$3 -> 0.84776012
... A77: Greece | B77: 2022 | C77: Europe & Central Asia | D77: High income | E77: =('2012-2022'!E78-'2012-2022'!R$2)/'2012-2022'!R$3 -> -1.1941894 | F77: =('2012-2022'!F78-'2012-2022'!S$2)/'2012-2022'!S$3 -> 0.28603354 | G77: =('2012-2022'!G78-'2012-2022'!T$2)/'2012-2022'!T$3 -> -0.50523038 | H77: =('2012-2022'!H78-'2012-2022'!U$2)/'2012-2022'!U$3 -> -0.89195103 | I77: =('2012-2022'!I78-'2012-2022'!V$2)/'2012-2022'!V$3 -> -1.3083131 | J77: =('2012-2022'!J78-'2012-2022'!W$2)/'2012-2022'!W$3 -> 0.20613244 | K77: =('2012-2022'!K78-'2012-2022'!X$2)/'2012-2022'!X$3 -> -0.97373072 | L77: =('2012-2022'!L78-'2012-2022'!Y$2)/'2012-2022'!Y$3 -> -1.0548451 | ... N77: =('2012-2022'!N78-'2012-2022'!AA$2)/'2012-2022'!AA$3 -> -0.52553658 | O77: =('2012-2022'!P78-'2012-2022'!AC$2)/'2012-2022'!AC$3 -> -0.51033104
A78: Guatemala | B78: 2013 | C78: Latin America & Caribbean | D78: Upper-middle income | E78: =('2012-2022'!E80-'2012-2022'!R$2)/'2012-2022'!R$3 -> -0.27242671 | F78: =('2012-2022'!F80-'2012-2022'!S$2)/'2012-2022'!S$3 -> 0.69982972 | G78: =('2012-2022'!G80-'2012-2022'!T$2)/'2012-2022'!T$3 -> 0.99724842 | H78: =('2012-2022'!H80-'2012-2022'!U$2)/'2012-2022'!U$3 -> -0.45889198 | I78: =('2012-2022'!I80-'2012-2022'!V$2)/'2012-2022'!V$3 -> 0.006700222 | J78: =('2012-2022'!J80-'2012-2022'!W$2)/'2012-2022'!W$3 -> 1.3067067 | K78: =('2012-2022'!K80-'2012-2022'!X$2)/'2012-2022'!X$3 -> 1.3511228 | L78: =('2012-2022'!L80-'2012-2022'!Y$2)/'2012-2022'!Y$3 -> -0.74006965 | ... N78: =('2012-2022'!N80-'2012-2022'!AA$2)/'2012-2022'!AA$3 -> 0.8687476 | O78: =('2012-2022'!P80-'2012-2022'!AC$2)/'2012-2022'!AC$3 -> -1.6756767
A79: Guatemala | B79: 2014 | C79: Latin America & Caribbean | D79: Upper-middle income | E79: =('2012-2022'!E81-'2012-2022'!R$2)/'2012-2022'!R$3 -> 1.064724 | F79: =('2012-2022'!F81-'2012-2022'!S$2)/'2012-2022'!S$3 -> 1.628646 | G79: =('2012-2022'!G81-'2012-2022'!T$2)/'2012-2022'!T$3 -> 0.94367382 | H79: =('2012-2022'!H81-'2012-2022'!U$2)/'2012-2022'!U$3 -> 0.86430694 | I79: =('2012-2022'!I81-'2012-2022'!V$2)/'2012-2022'!V$3 -> 1.2560868 | J79: =('2012-2022'!J81-'2012-2022'!W$2)/'2012-2022'!W$3 -> 1.1086283 | K79: =('2012-2022'!K81-'2012-2022'!X$2)/'2012-2022'!X$3 -> 1.4921877 | L79: =('2012-2022'!L81-'2012-2022'!Y$2)/'2012-2022'!Y$3 -> -1.1943097 | ... N79: =('2012-2022'!N81-'2012-2022'!AA$2)/'2012-2022'!AA$3 -> 0.035878795 | O79: =('2012-2022'!P81-'2012-2022'!AC$2)/'2012-2022'!AC$3 -> -1.6343494
A80: Guatemala | B80: 2015 | C80: Latin America & Caribbean | D80: Upper-middle income | E80: =('2012-2022'!E82-'2012-2022'!R$2)/'2012-2022'!R$3 -> 0.69922142 | F80: =('2012-2022'!F82-'2012-2022'!S$2)/'2012-2022'!S$3 -> 1.8928074 | G80: =('2012-2022'!G82-'2012-2022'!T$2)/'2012-2022'!T$3 -> 0.77659936 | H80: =('2012-2022'!H82-'2012-2022'!U$2)/'2012-2022'!U$3 -> 0.69089191 | I80: =('2012-2022'!I82-'2012-2022'!V$2)/'2012-2022'!V$3 -> 0.74362322 | J80: =('2012-2022'!J82-'2012-2022'!W$2)/'2012-2022'!W$3 -> 0.7452044 | K80: =('2012-2022'!K82-'2012-2022'!X$2)/'2012-2022'!X$3 -> 1.3984782 | L80: =('2012-2022'!L82-'2012-2022'!Y$2)/'2012-2022'!Y$3 -> -0.85386357 | ... N80: =('2012-2022'!N82-'2012-2022'!AA$2)/'2012-2022'!AA$3 -> 0.19180734 | O80: =('2012-2022'!P82-'2012-2022'!AC$2)/'2012-2022'!AC$3 -> -1.5487026
A81: Guatemala | B81: 2016 | C81: Latin America & Caribbean | D81: Upper-middle income | E81: =('2012-2022'!E83-'2012-2022'!R$2)/'2012-2022'!R$3 -> 0.95774025 | F81: =('2012-2022'!F83-'2012-2022'!S$2)/'2012-2022'!S$3 -> 2.0239497 | G81: =('2012-2022'!G83-'2012-2022'!T$2)/'2012-2022'!T$3 -> 0.35547334 | H81: =('2012-2022'!H83-'2012-2022'!U$2)/'2012-2022'!U$3 -> 1.0859484 | I81: =('2012-2022'!I83-'2012-2022'!V$2)/'2012-2022'!V$3 -> 0.86331825 | J81: =('2012-2022'!J83-'2012-2022'!W$2)/'2012-2022'!W$3 -> 0.88265155 | K81: =('2012-2022'!K83-'2012-2022'!X$2)/'2012-2022'!X$3 -> 1.2891289 | L81: =('2012-2022'!L83-'2012-2022'!Y$2)/'2012-2022'!Y$3 -> -0.60282831 | ... N81: =('2012-2022'!N83-'2012-2022'!AA$2)/'2012-2022'!AA$3 -> 0.21339258 | O81: =('2012-2022'!P83-'2012-2022'!AC$2)/'2012-2022'!AC$3 -> -1.4877322
A82: Guatemala | B82: 2017 | C82: Latin America & Caribbean | D82: Upper-middle income | E82: =('2012-2022'!E84-'2012-2022'!R$2)/'2012-2022'!R$3 -> 1.64011 | F82: =('2012-2022'!F84-'2012-2022'!S$2)/'2012-2022'!S$3 -> 2.0651668 | G82: =('2012-2022'!G84-'2012-2022'!T$2)/'2012-2022'!T$3 -> 0.33027238 | H82: =('2012-2022'!H84-'2012-2022'!U$2)/'2012-2022'!U$3 -> 1.752079 | I82: =('2012-2022'!I84-'2012-2022'!V$2)/'2012-2022'!V$3 -> 1.5141184 | J82: =('2012-2022'!J84-'2012-2022'!W$2)/'2012-2022'!W$3 -> 1.136953 | K82: =('2012-2022'!K84-'2012-2022'!X$2)/'2012-2022'!X$3 -> 1.8082184 | L82: =('2012-2022'!L84-'2012-2022'!Y$2)/'2012-2022'!Y$3 -> 0.13390408 | ... N82: =('2012-2022'!N84-'2012-2022'!AA$2)/'2012-2022'!AA$3 -> 0.52867784 | O82: =('2012-2022'!P84-'2012-2022'!AC$2)/'2012-2022'!AC$3 -> -1.6076424
A83: Guatemala | B83: 2018 | C83: Latin America & Caribbean | D83: Upper-middle income | E83: =('2012-2022'!E85-'2012-2022'!R$2)/'2012-2022'!R$3 -> 2.079353 | F83: =('2012-2022'!F85-'2012-2022'!S$2)/'2012-2022'!S$3 -> 2.1428983 | G83: =('2012-2022'!G85-'2012-2022'!T$2)/'2012-2022'!T$3 -> 0.33439853 | H83: =('2012-2022'!H85-'2012-2022'!U$2)/'2012-2022'!U$3 -> 2.2094759 | I83: =('2012-2022'!I85-'2012-2022'!V$2)/'2012-2022'!V$3 -> 1.9073959 | J83: =('2012-2022'!J85-'2012-2022'!W$2)/'2012-2022'!W$3 -> 1.1947115 | K83: =('2012-2022'!K85-'2012-2022'!X$2)/'2012-2022'!X$3 -> 2.0499671 | L83: =('2012-2022'!L85-'2012-2022'!Y$2)/'2012-2022'!Y$3 -> 0.086453632 | ... N83: =('2012-2022'!N85-'2012-2022'!AA$2)/'2012-2022'!AA$3 -> 0.61100859 | O83: =('2012-2022'!P85-'2012-2022'!AC$2)/'2012-2022'!AC$3 -> -1.5311483
A84: Guatemala | B84: 2019 | C84: Latin America & Caribbean | D84: Upper-middle income | E84: =('2012-2022'!E86-'2012-2022'!R$2)/'2012-2022'!R$3 -> 1.9399991 | F84: =('2012-2022'!F86-'2012-2022'!S$2)/'2012-2022'!S$3 -> 1.6384625 | G84: =('2012-2022'!G86-'2012-2022'!T$2)/'2012-2022'!T$3 -> 1.2947242 | H84: =('2012-2022'!H86-'2012-2022'!U$2)/'2012-2022'!U$3 -> 1.5120594 | I84: =('2012-2022'!I86-'2012-2022'!V$2)/'2012-2022'!V$3 -> 2.2574325 | J84: =('2012-2022'!J86-'2012-2022'!W$2)/'2012-2022'!W$3 -> 2.2593391 | K84: =('2012-2022'!K86-'2012-2022'!X$2)/'2012-2022'!X$3 -> 2.2337698 | L84: =('2012-2022'!L86-'2012-2022'!Y$2)/'2012-2022'!Y$3 -> 2.1287703 | ... N84: =('2012-2022'!N86-'2012-2022'!AA$2)/'2012-2022'!AA$3 -> 1.3954923 | O84: =('2012-2022'!P86-'2012-2022'!AC$2)/'2012-2022'!AC$3 -> -1.5719025
A85: Guatemala | B85: 2020 | C85: Latin America & Caribbean | D85: Upper-middle income | E85: =('2012-2022'!E87-'2012-2022'!R$2)/'2012-2022'!R$3 -> 2.5460324 | F85: =('2012-2022'!F87-'2012-2022'!S$2)/'2012-2022'!S$3 -> 2.5764484 | G85: =('2012-2022'!G87-'2012-2022'!T$2)/'2012-2022'!T$3 -> 0.46892984 | H85: =('2012-2022'!H87-'2012-2022'!U$2)/'2012-2022'!U$3 -> 2.9776575 | I85: =('2012-2022'!I87-'2012-2022'!V$2)/'2012-2022'!V$3 -> 2.0879085 | J85: =('2012-2022'!J87-'2012-2022'!W$2)/'2012-2022'!W$3 -> 1.9985877 | K85: =('2012-2022'!K87-'2012-2022'!X$2)/'2012-2022'!X$3 -> 2.1090682 | L85: =('2012-2022'!L87-'2012-2022'!Y$2)/'2012-2022'!Y$3 -> 2.3631018 | ... N85: =('2012-2022'!N87-'2012-2022'!AA$2)/'2012-2022'!AA$3 -> 1.1094482 | O85: =('2012-2022'!P87-'2012-2022'!AC$2)/'2012-2022'!AC$3 -> -1.5139811
A86: Guatemala | B86: 2021 | C86: Latin America & Caribbean | D86: Upper-middle income | E86: =('2012-2022'!E88-'2012-2022'!R$2)/'2012-2022'!R$3 -> 2.4182581 | F86: =('2012-2022'!F88-'2012-2022'!S$2)/'2012-2022'!S$3 -> 1.8849839 | G86: =('2012-2022'!G88-'2012-2022'!T$2)/'2012-2022'!T$3 -> 0.73324581 | H86: =('2012-2022'!H88-'2012-2022'!U$2)/'2012-2022'!U$3 -> 2.3663102 | I86: =('2012-2022'!I88-'2012-2022'!V$2)/'2012-2022'!V$3 -> 2.361361 | J86: =('2012-2022'!J88-'2012-2022'!W$2)/'2012-2022'!W$3 -> 2.1643903 | K86: =('2012-2022'!K88-'2012-2022'!X$2)/'2012-2022'!X$3 -> 1.8298904 | L86: =('2012-2022'!L88-'2012-2022'!Y$2)/'2012-2022'!Y$3 -> 2.3426591 | ... N86: =('2012-2022'!N88-'2012-2022'!AA$2)/'2012-2022'!AA$3 -> 1.5111771 | O86: =('2012-2022'!P88-'2012-2022'!AC$2)/'2012-2022'!AC$3 -> -1.5251907
A87: Guatemala | B87: 2022 | C87: Latin America & Caribbean | D87: Upper-middle income | E87: =('2012-2022'!E89-'2012-2022'!R$2)/'2012-2022'!R$3 -> 2.9718736 | F87: =('2012-2022'!F89-'2012-2022'!S$2)/'2012-2022'!S$3 -> 2.2780699 | G87: =('2012-2022'!G89-'2012-2022'!T$2)/'2012-2022'!T$3 -> 1.0847546 | H87: =('2012-2022'!H89-'2012-2022'!U$2)/'2012-2022'!U$3 -> 3.0152464 | I87: =('2012-2022'!I89-'2012-2022'!V$2)/'2012-2022'!V$3 -> 2.7936323 | J87: =('2012-2022'!J89-'2012-2022'!W$2)/'2012-2022'!W$3 -> 2.2685875 | K87: =('2012-2022'!K89-'2012-2022'!X$2)/'2012-2022'!X$3 -> 1.9028479 | L87: =('2012-2022'!L89-'2012-2022'!Y$2)/'2012-2022'!Y$3 -> 2.3739482 | ... N87: =('2012-2022'!N89-'2012-2022'!AA$2)/'2012-2022'!AA$3 -> 1.458673 | O87: =('2012-2022'!P89-'2012-2022'!AC$2)/'2012-2022'!AC$3 -> -1.519796
A88: India | B88: 2013 | C88: South Asia | D88: Lower-middle income | E88: =('2012-2022'!E91-'2012-2022'!R$2)/'2012-2022'!R$3 -> -0.42217527 | F88: =('2012-2022'!F91-'2012-2022'!S$2)/'2012-2022'!S$3 -> 0.42646192 | G88: =('2012-2022'!G91-'2012-2022'!T$2)/'2012-2022'!T$3 -> 1.2189589 | H88: =('2012-2022'!H91-'2012-2022'!U$2)/'2012-2022'!U$3 -> -0.57917919 | I88: =('2012-2022'!I91-'2012-2022'!V$2)/'2012-2022'!V$3 -> -0.21644114 | J88: =('2012-2022'!J91-'2012-2022'!W$2)/'2012-2022'!W$3 -> 0.38035108 | K88: =('2012-2022'!K91-'2012-2022'!X$2)/'2012-2022'!X$3 -> 0.24289868 | L88: =('2012-2022'!L91-'2012-2022'!Y$2)/'2012-2022'!Y$3 -> -0.25242666 | ... N88: =('2012-2022'!N91-'2012-2022'!AA$2)/'2012-2022'!AA$3 -> -0.20921929 | O88: =('2012-2022'!P91-'2012-2022'!AC$2)/'2012-2022'!AC$3 -> -1.5079036
A89: India | B89: 2014 | C89: South Asia | D89: Lower-middle income | E89: =('2012-2022'!E92-'2012-2022'!R$2)/'2012-2022'!R$3 -> -0.90294781 | F89: =('2012-2022'!F92-'2012-2022'!S$2)/'2012-2022'!S$3 -> 0.88919965 | G89: =('2012-2022'!G92-'2012-2022'!T$2)/'2012-2022'!T$3 -> 0.90031458 | H89: =('2012-2022'!H92-'2012-2022'!U$2)/'2012-2022'!U$3 -> -0.7981449 | I89: =('2012-2022'!I92-'2012-2022'!V$2)/'2012-2022'!V$3 -> -0.87354448 | J89: =('2012-2022'!J92-'2012-2022'!W$2)/'2012-2022'!W$3 -> -1.276385 | K89: =('2012-2022'!K92-'2012-2022'!X$2)/'2012-2022'!X$3 -> -0.96538892 | L89: =('2012-2022'!L92-'2012-2022'!Y$2)/'2012-2022'!Y$3 -> -1.4885146 | ... N89: =('2012-2022'!N92-'2012-2022'!AA$2)/'2012-2022'!AA$3 -> -0.36632698 | O89: =('2012-2022'!P92-'2012-2022'!AC$2)/'2012-2022'!AC$3 -> -1.5187904
A90: India | B90: 2015 | C90: South Asia | D90: Lower-middle income | E90: =('2012-2022'!E93-'2012-2022'!R$2)/'2012-2022'!R$3 -> -0.49125889 | F90: =('2012-2022'!F93-'2012-2022'!S$2)/'2012-2022'!S$3 -> 0.72396312 | G90: =('2012-2022'!G93-'2012-2022'!T$2)/'2012-2022'!T$3 -> -0.12982531 | H90: =('2012-2022'!H93-'2012-2022'!U$2)/'2012-2022'!U$3 -> -0.36776839 | I90: =('2012-2022'!I93-'2012-2022'!V$2)/'2012-2022'!V$3 -> -0.5037139 | J90: =('2012-2022'!J93-'2012-2022'!W$2)/'2012-2022'!W$3 -> -1.1771021 | K90: =('2012-2022'!K93-'2012-2022'!X$2)/'2012-2022'!X$3 -> -0.67687865 | L90: =('2012-2022'!L93-'2012-2022'!Y$2)/'2012-2022'!Y$3 -> -0.32926519 | ... N90: =('2012-2022'!N93-'2012-2022'!AA$2)/'2012-2022'!AA$3 -> -0.43572433 | O90: =('2012-2022'!P93-'2012-2022'!AC$2)/'2012-2022'!AC$3 -> -1.4551975
A91: India | B91: 2016 | C91: South Asia | D91: Lower-middle income | E91: =('2012-2022'!E94-'2012-2022'!R$2)/'2012-2022'!R$3 -> -0.44566984 | F91: =('2012-2022'!F94-'2012-2022'!S$2)/'2012-2022'!S$3 -> 1.2219632 | G91: =('2012-2022'!G94-'2012-2022'!T$2)/'2012-2022'!T$3 -> -0.18881362 | H91: =('2012-2022'!H94-'2012-2022'!U$2)/'2012-2022'!U$3 -> -0.20234647 | I91: =('2012-2022'!I94-'2012-2022'!V$2)/'2012-2022'!V$3 -> -0.55639159 | J91: =('2012-2022'!J94-'2012-2022'!W$2)/'2012-2022'!W$3 -> -0.64320141 | K91: =('2012-2022'!K94-'2012-2022'!X$2)/'2012-2022'!X$3 -> -0.19617982 | L91: =('2012-2022'!L94-'2012-2022'!Y$2)/'2012-2022'!Y$3 -> -0.66928244 | ... N91: =('2012-2022'!N94-'2012-2022'!AA$2)/'2012-2022'!AA$3 -> -0.028513639 | O91: =('2012-2022'!P94-'2012-2022'!AC$2)/'2012-2022'!AC$3 -> -1.3587128
A92: India | B92: 2017 | C92: South Asia | D92: Lower-middle income | E92: =('2012-2022'!E95-'2012-2022'!R$2)/'2012-2022'!R$3 -> -0.68551512 | F92: =('2012-2022'!F95-'2012-2022'!S$2)/'2012-2022'!S$3 -> 1.4360395 | G92: =('2012-2022'!G95-'2012-2022'!T$2)/'2012-2022'!T$3 -> -0.72721162 | H92: =('2012-2022'!H95-'2012-2022'!U$2)/'2012-2022'!U$3 -> -0.30213691 | I92: =('2012-2022'!I95-'2012-2022'!V$2)/'2012-2022'!V$3 -> -0.89158113 | J92: =('2012-2022'!J95-'2012-2022'!W$2)/'2012-2022'!W$3 -> -0.81143845 | K92: =('2012-2022'!K95-'2012-2022'!X$2)/'2012-2022'!X$3 -> -0.62637411 | L92: =('2012-2022'!L95-'2012-2022'!Y$2)/'2012-2022'!Y$3 -> -0.86997064 | ... N92: =('2012-2022'!N95-'2012-2022'!AA$2)/'2012-2022'!AA$3 -> 0.0074879494 | O92: =('2012-2022'!P95-'2012-2022'!AC$2)/'2012-2022'!AC$3 -> -1.3112556
A93: India | B93: 2018 | C93: South Asia | D93: Lower-middle income | E93: =('2012-2022'!E96-'2012-2022'!R$2)/'2012-2022'!R$3 -> -0.12970619 | F93: =('2012-2022'!F96-'2012-2022'!S$2)/'2012-2022'!S$3 -> 1.7600485 | G93: =('2012-2022'!G96-'2012-2022'!T$2)/'2012-2022'!T$3 -> 0.29927499 | H93: =('2012-2022'!H96-'2012-2022'!U$2)/'2012-2022'!U$3 -> 0.12288099 | I93: =('2012-2022'!I96-'2012-2022'!V$2)/'2012-2022'!V$3 -> -0.26839558 | J93: =('2012-2022'!J96-'2012-2022'!W$2)/'2012-2022'!W$3 -> 0.070989795 | K93: =('2012-2022'!K96-'2012-2022'!X$2)/'2012-2022'!X$3 -> 0.1934259 | L93: =('2012-2022'!L96-'2012-2022'!Y$2)/'2012-2022'!Y$3 -> -0.81575938 | ... N93: =('2012-2022'!N96-'2012-2022'!AA$2)/'2012-2022'!AA$3 -> 0.31253707 | O93: =('2012-2022'!P96-'2012-2022'!AC$2)/'2012-2022'!AC$3 -> -1.2354907
A94: India | B94: 2019 | C94: South Asia | D94: Lower-middle income | E94: =('2012-2022'!E97-'2012-2022'!R$2)/'2012-2022'!R$3 -> 0.2912355 | F94: =('2012-2022'!F97-'2012-2022'!S$2)/'2012-2022'!S$3 -> 1.376937 | G94: =('2012-2022'!G97-'2012-2022'!T$2)/'2012-2022'!T$3 -> 0.16145472 | H94: =('2012-2022'!H97-'2012-2022'!U$2)/'2012-2022'!U$3 -> 0.44340871 | I94: =('2012-2022'!I97-'2012-2022'!V$2)/'2012-2022'!V$3 -> 0.20465026 | J94: =('2012-2022'!J97-'2012-2022'!W$2)/'2012-2022'!W$3 -> 2.9301328 | K94: =('2012-2022'!K97-'2012-2022'!X$2)/'2012-2022'!X$3 -> 0.96084693 | L94: =('2012-2022'!L97-'2012-2022'!Y$2)/'2012-2022'!Y$3 -> 1.809463 | ... N94: =('2012-2022'!N97-'2012-2022'!AA$2)/'2012-2022'!AA$3 -> 2.3835335 | O94: =('2012-2022'!P97-'2012-2022'!AC$2)/'2012-2022'!AC$3 -> -1.1632739
A95: India | B95: 2020 | C95: South Asia | D95: Lower-middle income | E95: =('2012-2022'!E98-'2012-2022'!R$2)/'2012-2022'!R$3 -> -1.1414839 | F95: =('2012-2022'!F98-'2012-2022'!S$2)/'2012-2022'!S$3 -> 0.67957469 | G95: =('2012-2022'!G98-'2012-2022'!T$2)/'2012-2022'!T$3 -> 0.61265023 | H95: =('2012-2022'!H98-'2012-2022'!U$2)/'2012-2022'!U$3 -> -0.98610018 | I95: =('2012-2022'!I98-'2012-2022'!V$2)/'2012-2022'!V$3 -> -1.1365079 | J95: =('2012-2022'!J98-'2012-2022'!W$2)/'2012-2022'!W$3 -> 2.6266073 | K95: =('2012-2022'!K98-'2012-2022'!X$2)/'2012-2022'!X$3 -> 0.010166744 | L95: =('2012-2022'!L98-'2012-2022'!Y$2)/'2012-2022'!Y$3 -> 1.6063566 | ... N95: =('2012-2022'!N98-'2012-2022'!AA$2)/'2012-2022'!AA$3 -> 2.3403879 | O95: =('2012-2022'!P98-'2012-2022'!AC$2)/'2012-2022'!AC$3 -> -1.2268045
A96: India | B96: 2021 | C96: South Asia | D96: Lower-middle income | E96: =('2012-2022'!E99-'2012-2022'!R$2)/'2012-2022'!R$3 -> 0.065735712 | F96: =('2012-2022'!F99-'2012-2022'!S$2)/'2012-2022'!S$3 -> 1.0460048 | G96: =('2012-2022'!G99-'2012-2022'!T$2)/'2012-2022'!T$3 -> -0.063060989 | H96: =('2012-2022'!H99-'2012-2022'!U$2)/'2012-2022'!U$3 -> 0.19290822 | I96: =('2012-2022'!I99-'2012-2022'!V$2)/'2012-2022'!V$3 -> 0.013588453 | J96: =('2012-2022'!J99-'2012-2022'!W$2)/'2012-2022'!W$3 -> 3.0030532 | K96: =('2012-2022'!K99-'2012-2022'!X$2)/'2012-2022'!X$3 -> 0.3747141 | L96: =('2012-2022'!L99-'2012-2022'!Y$2)/'2012-2022'!Y$3 -> 1.7055487 | ... N96: =('2012-2022'!N99-'2012-2022'!AA$2)/'2012-2022'!AA$3 -> 2.4003241 | O96: =('2012-2022'!P99-'2012-2022'!AC$2)/'2012-2022'!AC$3 -> -1.2535347
A97: India | B97: 2022 | C97: South Asia | D97: Lower-middle income | E97: =('2012-2022'!E100-'2012-2022'!R$2)/'2012-2022'!R$3 -> -0.54375043 | F97: =('2012-2022'!F100-'2012-2022'!S$2)/'2012-2022'!S$3 -> 1.0290868 | G97: =('2012-2022'!G100-'2012-2022'!T$2)/'2012-2022'!T$3 -> -1.1085008 | H97: =('2012-2022'!H100-'2012-2022'!U$2)/'2012-2022'!U$3 -> -0.15382241 | I97: =('2012-2022'!I100-'2012-2022'!V$2)/'2012-2022'!V$3 -> -0.76391843 | J97: =('2012-2022'!J100-'2012-2022'!W$2)/'2012-2022'!W$3 -> 2.3161834 | K97: =('2012-2022'!K100-'2012-2022'!X$2)/'2012-2022'!X$3 -> -0.0040408833 | L97: =('2012-2022'!L100-'2012-2022'!Y$2)/'2012-2022'!Y$3 -> 0.4528722 | ... N97: =('2012-2022'!N100-'2012-2022'!AA$2)/'2012-2022'!AA$3 -> 1.9053608 | O97: =('2012-2022'!P100-'2012-2022'!AC$2)/'2012-2022'!AC$3 -> -1.1501203
A98: Iran | B98: 2012 | C98: Middle East & North Africa | D98: Upper-middle income | E98: =('2012-2022'!E101-'2012-2022'!R$2)/'2012-2022'!R$3 -> -0.14367878 | F98: =('2012-2022'!F101-'2012-2022'!S$2)/'2012-2022'!S$3 -> 2.2199471 | G98: =('2012-2022'!G101-'2012-2022'!T$2)/'2012-2022'!T$3 -> 1.3930727 | H98: =('2012-2022'!H101-'2012-2022'!U$2)/'2012-2022'!U$3 -> -0.10722921 | I98: =('2012-2022'!I101-'2012-2022'!V$2)/'2012-2022'!V$3 -> -0.070810016 | J98: =('2012-2022'!J101-'2012-2022'!W$2)/'2012-2022'!W$3 -> 0.2391824 | K98: =('2012-2022'!K101-'2012-2022'!X$2)/'2012-2022'!X$3 -> -0.00073146655 | L98: =('2012-2022'!L101-'2012-2022'!Y$2)/'2012-2022'!Y$3 -> -0.14194326 | ... N98: =('2012-2022'!N101-'2012-2022'!AA$2)/'2012-2022'!AA$3 -> -0.35008717 | O98: =('2012-2022'!P101-'2012-2022'!AC$2)/'2012-2022'!AC$3 -> -2.6098467
A99: Iran | B99: 2013 | C99: Middle East & North Africa | D99: Upper-middle income | E99: =('2012-2022'!E102-'2012-2022'!R$2)/'2012-2022'!R$3 -> -0.032103792 | F99: =('2012-2022'!F102-'2012-2022'!S$2)/'2012-2022'!S$3 -> 0.18461751 | G99: =('2012-2022'!G102-'2012-2022'!T$2)/'2012-2022'!T$3 -> 1.9604939 | H99: =('2012-2022'!H102-'2012-2022'!U$2)/'2012-2022'!U$3 -> -0.35638625 | I99: =('2012-2022'!I102-'2012-2022'!V$2)/'2012-2022'!V$3 -> 0.18121405 | J99: =('2012-2022'!J102-'2012-2022'!W$2)/'2012-2022'!W$3 -> 0.44425335 | K99: =('2012-2022'!K102-'2012-2022'!X$2)/'2012-2022'!X$3 -> 0.82600774 | L99: =('2012-2022'!L102-'2012-2022'!Y$2)/'2012-2022'!Y$3 -> 0.079790192 | ... N99: =('2012-2022'!N102-'2012-2022'!AA$2)/'2012-2022'!AA$3 -> -0.48553133 | O99: =('2012-2022'!P102-'2012-2022'!AC$2)/'2012-2022'!AC$3 -> -2.7680763
... A118: Israel | B118: 2021 | C118: Middle East & North Africa | D118: High income | E118: =('2012-2022'!E121-'2012-2022'!R$2)/'2012-2022'!R$3 -> -0.61152828 | F118: =('2012-2022'!F121-'2012-2022'!S$2)/'2012-2022'!S$3 -> -0.90579169 | G118: =('2012-2022'!G121-'2012-2022'!T$2)/'2012-2022'!T$3 -> 0.15448817 | H118: =('2012-2022'!H121-'2012-2022'!U$2)/'2012-2022'!U$3 -> -0.90138297 | I118: =('2012-2022'!I121-'2012-2022'!V$2)/'2012-2022'!V$3 -> -0.34633326 | J118: =('2012-2022'!J121-'2012-2022'!W$2)/'2012-2022'!W$3 -> -1.2032119 | K118: =('2012-2022'!K121-'2012-2022'!X$2)/'2012-2022'!X$3 -> -0.18494409 | L118: =('2012-2022'!L121-'2012-2022'!Y$2)/'2012-2022'!Y$3 -> 1.7338165 | ... N118: =('2012-2022'!N121-'2012-2022'!AA$2)/'2012-2022'!AA$3 -> 0.064254056 | O118: =('2012-2022'!P121-'2012-2022'!AC$2)/'2012-2022'!AC$3 -> 0.43774068
A119: Latvia | B119: 2012 | C119: Europe & Central Asia | D119: High income | E119: =('2012-2022'!E123-'2012-2022'!R$2)/'2012-2022'!R$3 -> 0.57523666 | F119: =('2012-2022'!F123-'2012-2022'!S$2)/'2012-2022'!S$3 -> -0.079674751 | G119: =('2012-2022'!G123-'2012-2022'!T$2)/'2012-2022'!T$3 -> 1.0429776 | H119: =('2012-2022'!H123-'2012-2022'!U$2)/'2012-2022'!U$3 -> 0.064541159 | I119: =('2012-2022'!I123-'2012-2022'!V$2)/'2012-2022'!V$3 -> 0.88187229 | J119: =('2012-2022'!J123-'2012-2022'!W$2)/'2012-2022'!W$3 -> -0.68037897 | K119: =('2012-2022'!K123-'2012-2022'!X$2)/'2012-2022'!X$3 -> 0.3483823 | L119: =('2012-2022'!L123-'2012-2022'!Y$2)/'2012-2022'!Y$3 -> -0.74816031 | ... N119: =('2012-2022'!N123-'2012-2022'!AA$2)/'2012-2022'!AA$3 -> -0.73032315 | O119: =('2012-2022'!P123-'2012-2022'!AC$2)/'2012-2022'!AC$3 -> 0.12922661
A120: Latvia | B120: 2013 | C120: Europe & Central Asia | D120: High income | E120: =('2012-2022'!E124-'2012-2022'!R$2)/'2012-2022'!R$3 -> 0.82715084 | F120: =('2012-2022'!F124-'2012-2022'!S$2)/'2012-2022'!S$3 -> 0.80812088 | G120: =('2012-2022'!G124-'2012-2022'!T$2)/'2012-2022'!T$3 -> 0.95737516 | H120: =('2012-2022'!H124-'2012-2022'!U$2)/'2012-2022'!U$3 -> 0.85745188 | I120: =('2012-2022'!I124-'2012-2022'!V$2)/'2012-2022'!V$3 -> 0.74350094 | J120: =('2012-2022'!J124-'2012-2022'!W$2)/'2012-2022'!W$3 -> -0.30826362 | K120: =('2012-2022'!K124-'2012-2022'!X$2)/'2012-2022'!X$3 -> 0.33924327 | L120: =('2012-2022'!L124-'2012-2022'!Y$2)/'2012-2022'!Y$3 -> -0.8569865 | ... N120: =('2012-2022'!N124-'2012-2022'!AA$2)/'2012-2022'!AA$3 -> -0.62148941 | O120: =('2012-2022'!P124-'2012-2022'!AC$2)/'2012-2022'!AC$3 -> 0.1541193
A121: Latvia | B121: 2015 | C121: Europe & Central Asia | D121: High income | E121: =('2012-2022'!E126-'2012-2022'!R$2)/'2012-2022'!R$3 -> 0.86785173 | F121: =('2012-2022'!F126-'2012-2022'!S$2)/'2012-2022'!S$3 -> 0.1537155 | G121: =('2012-2022'!G126-'2012-2022'!T$2)/'2012-2022'!T$3 -> 1.0160471 | H121: =('2012-2022'!H126-'2012-2022'!U$2)/'2012-2022'!U$3 -> 0.63479077 | I121: =('2012-2022'!I126-'2012-2022'!V$2)/'2012-2022'!V$3 -> 0.91065827 | J121: =('2012-2022'!J126-'2012-2022'!W$2)/'2012-2022'!W$3 -> -0.20128522 | K121: =('2012-2022'!K126-'2012-2022'!X$2)/'2012-2022'!X$3 -> 0.09310915 | L121: =('2012-2022'!L126-'2012-2022'!Y$2)/'2012-2022'!Y$3 -> -0.71553001 | ... N121: =('2012-2022'!N126-'2012-2022'!AA$2)/'2012-2022'!AA$3 -> -0.62569717 | O121: =('2012-2022'!P126-'2012-2022'!AC$2)/'2012-2022'!AC$3 -> 0.22472112
A122: Latvia | B122: 2016 | C122: Europe & Central Asia | D122: High income | E122: =('2012-2022'!E127-'2012-2022'!R$2)/'2012-2022'!R$3 -> 0.94272567 | F122: =('2012-2022'!F127-'2012-2022'!S$2)/'2012-2022'!S$3 -> 1.0167098 | G122: =('2012-2022'!G127-'2012-2022'!T$2)/'2012-2022'!T$3 -> 0.11946179 | H122: =('2012-2022'!H127-'2012-2022'!U$2)/'2012-2022'!U$3 -> 1.8506322 | I122: =('2012-2022'!I127-'2012-2022'!V$2)/'2012-2022'!V$3 -> 0.40575173 | J122: =('2012-2022'!J127-'2012-2022'!W$2)/'2012-2022'!W$3 -> -0.13060612 | K122: =('2012-2022'!K127-'2012-2022'!X$2)/'2012-2022'!X$3 -> -0.0014390347 | L122: =('2012-2022'!L127-'2012-2022'!Y$2)/'2012-2022'!Y$3 -> -0.48793705 | ... N122: =('2012-2022'!N127-'2012-2022'!AA$2)/'2012-2022'!AA$3 -> -0.80197684 | O122: =('2012-2022'!P127-'2012-2022'!AC$2)/'2012-2022'!AC$3 -> 0.1994969
A123: Latvia | B123: 2017 | C123: Europe & Central Asia | D123: High income | E123: =('2012-2022'!E128-'2012-2022'!R$2)/'2012-2022'!R$3 -> 0.82207493 | F123: =('2012-2022'!F128-'2012-2022'!S$2)/'2012-2022'!S$3 -> 0.14079023 | G123: =('2012-2022'!G128-'2012-2022'!T$2)/'2012-2022'!T$3 -> 0.45043327 | H123: =('2012-2022'!H128-'2012-2022'!U$2)/'2012-2022'!U$3 -> 1.1549032 | I123: =('2012-2022'!I128-'2012-2022'!V$2)/'2012-2022'!V$3 -> 0.56057789 | J123: =('2012-2022'!J128-'2012-2022'!W$2)/'2012-2022'!W$3 -> -0.20575032 | K123: =('2012-2022'!K128-'2012-2022'!X$2)/'2012-2022'!X$3 -> -0.034355044 | L123: =('2012-2022'!L128-'2012-2022'!Y$2)/'2012-2022'!Y$3 -> -0.61244245 | ... N123: =('2012-2022'!N128-'2012-2022'!AA$2)/'2012-2022'!AA$3 -> -0.52975912 | O123: =('2012-2022'!P128-'2012-2022'!AC$2)/'2012-2022'!AC$3 -> 0.21289804
A124: Latvia | B124: 2019 | C124: Europe & Central Asia | D124: High income | E124: =('2012-2022'!E130-'2012-2022'!R$2)/'2012-2022'!R$3 -> 1.0668476 | F124: =('2012-2022'!F130-'2012-2022'!S$2)/'2012-2022'!S$3 -> -0.34152395 | G124: =('2012-2022'!G130-'2012-2022'!T$2)/'2012-2022'!T$3 -> 0.55222956 | H124: =('2012-2022'!H130-'2012-2022'!U$2)/'2012-2022'!U$3 -> 1.0405157 | I124: =('2012-2022'!I130-'2012-2022'!V$2)/'2012-2022'!V$3 -> 0.93614344 | J124: =('2012-2022'!J130-'2012-2022'!W$2)/'2012-2022'!W$3 -> 0.48393524 | K124: =('2012-2022'!K130-'2012-2022'!X$2)/'2012-2022'!X$3 -> 0.43177446 | L124: =('2012-2022'!L130-'2012-2022'!Y$2)/'2012-2022'!Y$3 -> 0.42170994 | ... N124: =('2012-2022'!N130-'2012-2022'!AA$2)/'2012-2022'!AA$3 -> -0.57484528 | O124: =('2012-2022'!P130-'2012-2022'!AC$2)/'2012-2022'!AC$3 -> 0.2210786
A125: Latvia | B125: 2020 | C125: Europe & Central Asia | D125: High income | E125: =('2012-2022'!E131-'2012-2022'!R$2)/'2012-2022'!R$3 -> 1.915259 | F125: =('2012-2022'!F131-'2012-2022'!S$2)/'2012-2022'!S$3 -> 0.28388553 | G125: =('2012-2022'!G131-'2012-2022'!T$2)/'2012-2022'!T$3 -> 1.6377028 | H125: =('2012-2022'!H131-'2012-2022'!U$2)/'2012-2022'!U$3 -> 1.961416 | I125: =('2012-2022'!I131-'2012-2022'!V$2)/'2012-2022'!V$3 -> 1.7016598 | J125: =('2012-2022'!J131-'2012-2022'!W$2)/'2012-2022'!W$3 -> 0.33963083 | K125: =('2012-2022'!K131-'2012-2022'!X$2)/'2012-2022'!X$3 -> 0.026465463 | L125: =('2012-2022'!L131-'2012-2022'!Y$2)/'2012-2022'!Y$3 -> -0.39343438 | ... N125: =('2012-2022'!N131-'2012-2022'!AA$2)/'2012-2022'!AA$3 -> -0.48043479 | O125: =('2012-2022'!P131-'2012-2022'!AC$2)/'2012-2022'!AC$3 -> 0.19293488
A126: Latvia | B126: 2021 | C126: Europe & Central Asia | D126: High income | E126: =('2012-2022'!E132-'2012-2022'!R$2)/'2012-2022'!R$3 -> 1.1419326 | F126: =('2012-2022'!F132-'2012-2022'!S$2)/'2012-2022'!S$3 -> 0.38140262 | G126: =('2012-2022'!G132-'2012-2022'!T$2)/'2012-2022'!T$3 -> -0.15253058 | H126: =('2012-2022'!H132-'2012-2022'!U$2)/'2012-2022'!U$3 -> 1.9724718 | I126: =('2012-2022'!I132-'2012-2022'!V$2)/'2012-2022'!V$3 -> 0.64786326 | J126: =('2012-2022'!J132-'2012-2022'!W$2)/'2012-2022'!W$3 -> 0.16755603 | K126: =('2012-2022'!K132-'2012-2022'!X$2)/'2012-2022'!X$3 -> 0.17397191 | L126: =('2012-2022'!L132-'2012-2022'!Y$2)/'2012-2022'!Y$3 -> -0.047150471 | ... N126: =('2012-2022'!N132-'2012-2022'!AA$2)/'2012-2022'!AA$3 -> -0.32076994 | O126: =('2012-2022'!P132-'2012-2022'!AC$2)/'2012-2022'!AC$3 -> 0.34654143
A127: Latvia | B127: 2022 | C127: Europe & Central Asia | D127: High income | E127: =('2012-2022'!E133-'2012-2022'!R$2)/'2012-2022'!R$3 -> 1.0239166 | F127: =('2012-2022'!F133-'2012-2022'!S$2)/'2012-2022'!S$3 -> -0.50747179 | G127: =('2012-2022'!G133-'2012-2022'!T$2)/'2012-2022'!T$3 -> 0.61361938 | H127: =('2012-2022'!H133-'2012-2022'!U$2)/'2012-2022'!U$3 -> 0.67830353 | I127: =('2012-2022'!I133-'2012-2022'!V$2)/'2012-2022'!V$3 -> 1.051563 | J127: =('2012-2022'!J133-'2012-2022'!W$2)/'2012-2022'!W$3 -> 0.21532675 | K127: =('2012-2022'!K133-'2012-2022'!X$2)/'2012-2022'!X$3 -> 0.090937566 | L127: =('2012-2022'!L133-'2012-2022'!Y$2)/'2012-2022'!Y$3 -> -0.29550082 | ... N127: =('2012-2022'!N133-'2012-2022'!AA$2)/'2012-2022'!AA$3 -> -0.63627463 | O127: =('2012-2022'!P133-'2012-2022'!AC$2)/'2012-2022'!AC$3 -> 0.16582999
A128: Luxembourg | B128: 2013 | C128: Europe & Central Asia | D128: High income | E128: =('2012-2022'!E135-'2012-2022'!R$2)/'2012-2022'!R$3 -> -0.66704591 | F128: =('2012-2022'!F135-'2012-2022'!S$2)/'2012-2022'!S$3 -> -0.73324688 | G128: =('2012-2022'!G135-'2012-2022'!T$2)/'2012-2022'!T$3 -> -0.60387269 | H128: =('2012-2022'!H135-'2012-2022'!U$2)/'2012-2022'!U$3 -> -0.6518355 | I128: =('2012-2022'!I135-'2012-2022'!V$2)/'2012-2022'!V$3 -> -0.65861436 | J128: =('2012-2022'!J135-'2012-2022'!W$2)/'2012-2022'!W$3 -> -0.70521493 | K128: =('2012-2022'!K135-'2012-2022'!X$2)/'2012-2022'!X$3 -> -0.23221384 | L128: =('2012-2022'!L135-'2012-2022'!Y$2)/'2012-2022'!Y$3 -> -0.47020134 | ... N128: =('2012-2022'!N135-'2012-2022'!AA$2)/'2012-2022'!AA$3 -> 0.04785544 | O128: =('2012-2022'!P135-'2012-2022'!AC$2)/'2012-2022'!AC$3 -> 1.1914944
A129: Luxembourg | B129: 2014 | C129: Europe & Central Asia | D129: High income | E129: =('2012-2022'!E136-'2012-2022'!R$2)/'2012-2022'!R$3 -> -0.66728769 | F129: =('2012-2022'!F136-'2012-2022'!S$2)/'2012-2022'!S$3 -> -0.24136999 | G129: =('2012-2022'!G136-'2012-2022'!T$2)/'2012-2022'!T$3 -> 0.15034533 | H129: =('2012-2022'!H136-'2012-2022'!U$2)/'2012-2022'!U$3 -> -0.59289438 | I129: =('2012-2022'!I136-'2012-2022'!V$2)/'2012-2022'!V$3 -> -0.69142984 | J129: =('2012-2022'!J136-'2012-2022'!W$2)/'2012-2022'!W$3 -> -1.2013192 | K129: =('2012-2022'!K136-'2012-2022'!X$2)/'2012-2022'!X$3 -> -0.44527135 | L129: =('2012-2022'!L136-'2012-2022'!Y$2)/'2012-2022'!Y$3 -> -0.56637216 | ... N129: =('2012-2022'!N136-'2012-2022'!AA$2)/'2012-2022'!AA$3 -> -0.14077385 | O129: =('2012-2022'!P136-'2012-2022'!AC$2)/'2012-2022'!AC$3 -> 0.95313784
A130: Luxembourg | B130: 2015 | C130: Europe & Central Asia | D130: High income | E130: =('2012-2022'!E137-'2012-2022'!R$2)/'2012-2022'!R$3 -> -0.3864283 | F130: =('2012-2022'!F137-'2012-2022'!S$2)/'2012-2022'!S$3 -> -0.48863767 | G130: =('2012-2022'!G137-'2012-2022'!T$2)/'2012-2022'!T$3 -> -0.54195685 | H130: =('2012-2022'!H137-'2012-2022'!U$2)/'2012-2022'!U$3 -> -0.32532715 | I130: =('2012-2022'!I137-'2012-2022'!V$2)/'2012-2022'!V$3 -> -0.42413848 | J130: =('2012-2022'!J137-'2012-2022'!W$2)/'2012-2022'!W$3 -> -0.64566143 | K130: =('2012-2022'!K137-'2012-2022'!X$2)/'2012-2022'!X$3 -> -0.24564322 | L130: =('2012-2022'!L137-'2012-2022'!Y$2)/'2012-2022'!Y$3 -> -0.42202675 | ... N130: =('2012-2022'!N137-'2012-2022'!AA$2)/'2012-2022'!AA$3 -> 0.20989554 | O130: =('2012-2022'!P137-'2012-2022'!AC$2)/'2012-2022'!AC$3 -> 1.0619418
A131: Luxembourg | B131: 2016 | C131: Europe & Central Asia | D131: High income | E131: =('2012-2022'!E138-'2012-2022'!R$2)/'2012-2022'!R$3 -> -0.46337108 | F131: =('2012-2022'!F138-'2012-2022'!S$2)/'2012-2022'!S$3 -> -1.1569433 | G131: =('2012-2022'!G138-'2012-2022'!T$2)/'2012-2022'!T$3 -> 0.37323638 | H131: =('2012-2022'!H138-'2012-2022'!U$2)/'2012-2022'!U$3 -> -0.84292057 | I131: =('2012-2022'!I138-'2012-2022'!V$2)/'2012-2022'!V$3 -> -0.26231791 | J131: =('2012-2022'!J138-'2012-2022'!W$2)/'2012-2022'!W$3 -> -0.91769817 | K131: =('2012-2022'!K138-'2012-2022'!X$2)/'2012-2022'!X$3 -> -0.30263833 | L131: =('2012-2022'!L138-'2012-2022'!Y$2)/'2012-2022'!Y$3 -> -0.36106369 | ... N131: =('2012-2022'!N138-'2012-2022'!AA$2)/'2012-2022'!AA$3 -> 0.31024308 | O131: =('2012-2022'!P138-'2012-2022'!AC$2)/'2012-2022'!AC$3 -> 1.1226701
A132: Luxembourg | B132: 2017 | C132: Europe & Central Asia | D132: High income | E132: =('2012-2022'!E139-'2012-2022'!R$2)/'2012-2022'!R$3 -> -0.34358886 | F132: =('2012-2022'!F139-'2012-2022'!S$2)/'2012-2022'!S$3 -> 0.35872163 | G132: =('2012-2022'!G139-'2012-2022'!T$2)/'2012-2022'!T$3 -> -0.40890497 | H132: =('2012-2022'!H139-'2012-2022'!U$2)/'2012-2022'!U$3 -> 0.045892838 | I132: =('2012-2022'!I139-'2012-2022'!V$2)/'2012-2022'!V$3 -> -0.56141742 | J132: =('2012-2022'!J139-'2012-2022'!W$2)/'2012-2022'!W$3 -> -0.91472711 | K132: =('2012-2022'!K139-'2012-2022'!X$2)/'2012-2022'!X$3 -> -0.43949961 | L132: =('2012-2022'!L139-'2012-2022'!Y$2)/'2012-2022'!Y$3 -> -0.50294259 | ... N132: =('2012-2022'!N139-'2012-2022'!AA$2)/'2012-2022'!AA$3 -> 0.6195796 | O132: =('2012-2022'!P139-'2012-2022'!AC$2)/'2012-2022'!AC$3 -> 1.021009
A133: Luxembourg | B133: 2018 | C133: Europe & Central Asia | D133: High income | E133: =('2012-2022'!E140-'2012-2022'!R$2)/'2012-2022'!R$3 -> -0.40560408 | F133: =('2012-2022'!F140-'2012-2022'!S$2)/'2012-2022'!S$3 -> -1.4281752 | G133: =('2012-2022'!G140-'2012-2022'!T$2)/'2012-2022'!T$3 -> -0.021892129 | H133: =('2012-2022'!H140-'2012-2022'!U$2)/'2012-2022'!U$3 -> -0.91100365 | I133: =('2012-2022'!I140-'2012-2022'!V$2)/'2012-2022'!V$3 -> -0.14362879 | J133: =('2012-2022'!J140-'2012-2022'!W$2)/'2012-2022'!W$3 -> -0.65029796 | K133: =('2012-2022'!K140-'2012-2022'!X$2)/'2012-2022'!X$3 -> -0.15058981 | L133: =('2012-2022'!L140-'2012-2022'!Y$2)/'2012-2022'!Y$3 -> -0.51301298 | ... N133: =('2012-2022'!N140-'2012-2022'!AA$2)/'2012-2022'!AA$3 -> 0.63410848 | O133: =('2012-2022'!P140-'2012-2022'!AC$2)/'2012-2022'!AC$3 -> 1.1406225
A134: Luxembourg | B134: 2019 | C134: Europe & Central Asia | D134: High income | E134: =('2012-2022'!E141-'2012-2022'!R$2)/'2012-2022'!R$3 -> -0.32901063 | F134: =('2012-2022'!F141-'2012-2022'!S$2)/'2012-2022'!S$3 -> -0.77925385 | G134: =('2012-2022'!G141-'2012-2022'!T$2)/'2012-2022'!T$3 -> -0.026244358 | H134: =('2012-2022'!H141-'2012-2022'!U$2)/'2012-2022'!U$3 -> -0.49989169 | I134: =('2012-2022'!I141-'2012-2022'!V$2)/'2012-2022'!V$3 -> -0.25467471 | J134: =('2012-2022'!J141-'2012-2022'!W$2)/'2012-2022'!W$3 -> -0.25210057 | K134: =('2012-2022'!K141-'2012-2022'!X$2)/'2012-2022'!X$3 -> -0.29606876 | L134: =('2012-2022'!L141-'2012-2022'!Y$2)/'2012-2022'!Y$3 -> 0.37188699 | ... N134: =('2012-2022'!N141-'2012-2022'!AA$2)/'2012-2022'!AA$3 -> 0.82114519 | O134: =('2012-2022'!P141-'2012-2022'!AC$2)/'2012-2022'!AC$3 -> 1.1396503
A135: Luxembourg | B135: 2020 | C135: Europe & Central Asia | D135: High income | E135: =('2012-2022'!E142-'2012-2022'!R$2)/'2012-2022'!R$3 -> -0.61841185 | F135: =('2012-2022'!F142-'2012-2022'!S$2)/'2012-2022'!S$3 -> -0.2155446 | G135: =('2012-2022'!G142-'2012-2022'!T$2)/'2012-2022'!T$3 -> -0.24198377 | H135: =('2012-2022'!H142-'2012-2022'!U$2)/'2012-2022'!U$3 -> -0.42437945 | I135: =('2012-2022'!I142-'2012-2022'!V$2)/'2012-2022'!V$3 -> -0.71749627 | J135: =('2012-2022'!J142-'2012-2022'!W$2)/'2012-2022'!W$3 -> -0.49176351 | K135: =('2012-2022'!K142-'2012-2022'!X$2)/'2012-2022'!X$3 -> -0.59130953 | L135: =('2012-2022'!L142-'2012-2022'!Y$2)/'2012-2022'!Y$3 -> 0.32983373 | ... N135: =('2012-2022'!N142-'2012-2022'!AA$2)/'2012-2022'!AA$3 -> -0.17919895 | O135: =('2012-2022'!P142-'2012-2022'!AC$2)/'2012-2022'!AC$3 -> 1.2240939
A136: Luxembourg | B136: 2021 | C136: Europe & Central Asia | D136: High income | E136: =('2012-2022'!E143-'2012-2022'!R$2)/'2012-2022'!R$3 -> -0.5664857 | F136: =('2012-2022'!F143-'2012-2022'!S$2)/'2012-2022'!S$3 -> 0.58418712 | G136: =('2012-2022'!G143-'2012-2022'!T$2)/'2012-2022'!T$3 -> -0.10561384 | H136: =('2012-2022'!H143-'2012-2022'!U$2)/'2012-2022'!U$3 -> -0.11374389 | I136: =('2012-2022'!I143-'2012-2022'!V$2)/'2012-2022'!V$3 -> -0.79946559 | J136: =('2012-2022'!J143-'2012-2022'!W$2)/'2012-2022'!W$3 -> 0.13133154 | K136: =('2012-2022'!K143-'2012-2022'!X$2)/'2012-2022'!X$3 -> -0.34884659 | L136: =('2012-2022'!L143-'2012-2022'!Y$2)/'2012-2022'!Y$3 -> 0.10056324 | ... N136: =('2012-2022'!N143-'2012-2022'!AA$2)/'2012-2022'!AA$3 -> 0.57624737 | O136: =('2012-2022'!P143-'2012-2022'!AC$2)/'2012-2022'!AC$3 -> 1.2928449
A137: Luxembourg | B137: 2022 | C137: Europe & Central Asia | D137: High income | E137: =('2012-2022'!E144-'2012-2022'!R$2)/'2012-2022'!R$3 -> -1.0402094 | F137: =('2012-2022'!F144-'2012-2022'!S$2)/'2012-2022'!S$3 -> -0.67651479 | G137: =('2012-2022'!G144-'2012-2022'!T$2)/'2012-2022'!T$3 -> -1.4473852 | H137: =('2012-2022'!H144-'2012-2022'!U$2)/'2012-2022'!U$3 -> -0.64603452 | I137: =('2012-2022'!I144-'2012-2022'!V$2)/'2012-2022'!V$3 -> -1.2091241 | J137: =('2012-2022'!J144-'2012-2022'!W$2)/'2012-2022'!W$3 -> -0.11774144 | K137: =('2012-2022'!K144-'2012-2022'!X$2)/'2012-2022'!X$3 -> -0.29851529 | L137: =('2012-2022'!L144-'2012-2022'!Y$2)/'2012-2022'!Y$3 -> -0.037597807 | ... N137: =('2012-2022'!N144-'2012-2022'!AA$2)/'2012-2022'!AA$3 -> 0.4713785 | O137: =('2012-2022'!P144-'2012-2022'!AC$2)/'2012-2022'!AC$3 -> 1.3074904
A138: Netherlands | B138: 2012 | C138: Europe & Central Asia | D138: High income | E138: =('2012-2022'!E145-'2012-2022'!R$2)/'2012-2022'!R$3 -> -0.52644973 | F138: =('2012-2022'!F145-'2012-2022'!S$2)/'2012-2022'!S$3 -> -0.77554423 | G138: =('2012-2022'!G145-'2012-2022'!T$2)/'2012-2022'!T$3 -> -1.2974879 | H138: =('2012-2022'!H145-'2012-2022'!U$2)/'2012-2022'!U$3 -> -0.54979096 | I138: =('2012-2022'!I145-'2012-2022'!V$2)/'2012-2022'!V$3 -> -0.46253892 | J138: =('2012-2022'!J145-'2012-2022'!W$2)/'2012-2022'!W$3 -> -0.78997966 | K138: =('2012-2022'!K145-'2012-2022'!X$2)/'2012-2022'!X$3 -> -0.92796572 | L138: =('2012-2022'!L145-'2012-2022'!Y$2)/'2012-2022'!Y$3 -> -0.53754901 | ... N138: =('2012-2022'!N145-'2012-2022'!AA$2)/'2012-2022'!AA$3 -> -0.64677126 | O138: =('2012-2022'!P145-'2012-2022'!AC$2)/'2012-2022'!AC$3 -> 1.1741861
A139: Netherlands | B139: 2013 | C139: Europe & Central Asia | D139: High income | E139: =('2012-2022'!E146-'2012-2022'!R$2)/'2012-2022'!R$3 -> -0.40847262 | F139: =('2012-2022'!F146-'2012-2022'!S$2)/'2012-2022'!S$3 -> -0.55717878 | G139: =('2012-2022'!G146-'2012-2022'!T$2)/'2012-2022'!T$3 -> -0.5224648 | H139: =('2012-2022'!H146-'2012-2022'!U$2)/'2012-2022'!U$3 -> -0.52357665 | I139: =('2012-2022'!I146-'2012-2022'!V$2)/'2012-2022'!V$3 -> -0.29254124 | J139: =('2012-2022'!J146-'2012-2022'!W$2)/'2012-2022'!W$3 -> -0.78281889 | K139: =('2012-2022'!K146-'2012-2022'!X$2)/'2012-2022'!X$3 -> -0.91340988 | L139: =('2012-2022'!L146-'2012-2022'!Y$2)/'2012-2022'!Y$3 -> -0.56493997 | ... N139: =('2012-2022'!N146-'2012-2022'!AA$2)/'2012-2022'!AA$3 -> -0.75454549 | O139: =('2012-2022'!P146-'2012-2022'!AC$2)/'2012-2022'!AC$3 -> 1.1725232
... A198: South Africa | B198: 2017 | C198: Sub-Saharan Africa | D198: Upper-middle income | E198: =('2012-2022'!E205-'2012-2022'!R$2)/'2012-2022'!R$3 -> -0.24511799 | F198: =('2012-2022'!F205-'2012-2022'!S$2)/'2012-2022'!S$3 -> 0.5781431 | G198: =('2012-2022'!G205-'2012-2022'!T$2)/'2012-2022'!T$3 -> 1.1337698 | H198: =('2012-2022'!H205-'2012-2022'!U$2)/'2012-2022'!U$3 -> -0.3566632 | I198: =('2012-2022'!I205-'2012-2022'!V$2)/'2012-2022'!V$3 -> -0.11355554 | J198: =('2012-2022'!J205-'2012-2022'!W$2)/'2012-2022'!W$3 -> -0.99552406 | K198: =('2012-2022'!K205-'2012-2022'!X$2)/'2012-2022'!X$3 -> -0.53823569 | L198: =('2012-2022'!L205-'2012-2022'!Y$2)/'2012-2022'!Y$3 -> -0.92218254 | ... N198: =('2012-2022'!N205-'2012-2022'!AA$2)/'2012-2022'!AA$3 -> -0.10115154 | O198: =('2012-2022'!P205-'2012-2022'!AC$2)/'2012-2022'!AC$3 -> -0.7511604
A199: South Africa | B199: 2019 | C199: Sub-Saharan Africa | D199: Upper-middle income | E199: =('2012-2022'!E207-'2012-2022'!R$2)/'2012-2022'!R$3 -> -0.39569147 | F199: =('2012-2022'!F207-'2012-2022'!S$2)/'2012-2022'!S$3 -> 0.3083472 | G199: =('2012-2022'!G207-'2012-2022'!T$2)/'2012-2022'!T$3 -> 1.0202054 | H199: =('2012-2022'!H207-'2012-2022'!U$2)/'2012-2022'!U$3 -> -0.41494555 | I199: =('2012-2022'!I207-'2012-2022'!V$2)/'2012-2022'!V$3 -> -0.36165408 | J199: =('2012-2022'!J207-'2012-2022'!W$2)/'2012-2022'!W$3 -> 0.77758494 | K199: =('2012-2022'!K207-'2012-2022'!X$2)/'2012-2022'!X$3 -> -0.48795151 | L199: =('2012-2022'!L207-'2012-2022'!Y$2)/'2012-2022'!Y$3 -> -1.0718552 | ... N199: =('2012-2022'!N207-'2012-2022'!AA$2)/'2012-2022'!AA$3 -> 0.97016101 | O199: =('2012-2022'!P207-'2012-2022'!AC$2)/'2012-2022'!AC$3 -> -0.89055856
A200: South Africa | B200: 2021 | C200: Sub-Saharan Africa | D200: Upper-middle income | E200: =('2012-2022'!E209-'2012-2022'!R$2)/'2012-2022'!R$3 -> 0.7513676 | F200: =('2012-2022'!F209-'2012-2022'!S$2)/'2012-2022'!S$3 -> 1.6869007 | G200: =('2012-2022'!G209-'2012-2022'!T$2)/'2012-2022'!T$3 -> 0.99928411 | H200: =('2012-2022'!H209-'2012-2022'!U$2)/'2012-2022'!U$3 -> 1.099689 | I200: =('2012-2022'!I209-'2012-2022'!V$2)/'2012-2022'!V$3 -> 0.48309198 | J200: =('2012-2022'!J209-'2012-2022'!W$2)/'2012-2022'!W$3 -> 1.5884562 | K200: =('2012-2022'!K209-'2012-2022'!X$2)/'2012-2022'!X$3 -> 0.56520902 | L200: =('2012-2022'!L209-'2012-2022'!Y$2)/'2012-2022'!Y$3 -> -0.32913067 | ... N200: =('2012-2022'!N209-'2012-2022'!AA$2)/'2012-2022'!AA$3 -> 0.81276586 | O200: =('2012-2022'!P209-'2012-2022'!AC$2)/'2012-2022'!AC$3 -> -1.0176137
A201: South Africa | B201: 2022 | C201: Sub-Saharan Africa | D201: Upper-middle income | E201: =('2012-2022'!E210-'2012-2022'!R$2)/'2012-2022'!R$3 -> -0.61178002 | F201: =('2012-2022'!F210-'2012-2022'!S$2)/'2012-2022'!S$3 -> 1.0933588 | G201: =('2012-2022'!G210-'2012-2022'!T$2)/'2012-2022'!T$3 -> 0.96114646 | H201: =('2012-2022'!H210-'2012-2022'!U$2)/'2012-2022'!U$3 -> -0.47359045 | I201: =('2012-2022'!I210-'2012-2022'!V$2)/'2012-2022'!V$3 -> -0.6447902 | J201: =('2012-2022'!J210-'2012-2022'!W$2)/'2012-2022'!W$3 -> 1.0707724 | K201: =('2012-2022'!K210-'2012-2022'!X$2)/'2012-2022'!X$3 -> -0.93004599 | L201: =('2012-2022'!L210-'2012-2022'!Y$2)/'2012-2022'!Y$3 -> -0.65208847 | ... N201: =('2012-2022'!N210-'2012-2022'!AA$2)/'2012-2022'!AA$3 -> 1.0263824 | O201: =('2012-2022'!P210-'2012-2022'!AC$2)/'2012-2022'!AC$3 -> -1.1182376
A202: South Korea | B202: 2012 | C202: East Asia & Pacific | D202: High income | E202: =('2012-2022'!E211-'2012-2022'!R$2)/'2012-2022'!R$3 -> -1.3536198 | F202: =('2012-2022'!F211-'2012-2022'!S$2)/'2012-2022'!S$3 -> -1.9820423 | G202: =('2012-2022'!G211-'2012-2022'!T$2)/'2012-2022'!T$3 -> -1.7460817 | H202: =('2012-2022'!H211-'2012-2022'!U$2)/'2012-2022'!U$3 -> -1.4063719 | I202: =('2012-2022'!I211-'2012-2022'!V$2)/'2012-2022'!V$3 -> -1.2580383 | J202: =('2012-2022'!J211-'2012-2022'!W$2)/'2012-2022'!W$3 -> -2.1246813 | K202: =('2012-2022'!K211-'2012-2022'!X$2)/'2012-2022'!X$3 -> -0.58481069 | L202: =('2012-2022'!L211-'2012-2022'!Y$2)/'2012-2022'!Y$3 -> -1.0410915 | ... N202: =('2012-2022'!N211-'2012-2022'!AA$2)/'2012-2022'!AA$3 -> -2.0066746 | O202: =('2012-2022'!P211-'2012-2022'!AC$2)/'2012-2022'!AC$3 -> 0.12786039
A203: South Korea | B203: 2013 | C203: East Asia & Pacific | D203: High income | E203: =('2012-2022'!E212-'2012-2022'!R$2)/'2012-2022'!R$3 -> -1.3970043 | F203: =('2012-2022'!F212-'2012-2022'!S$2)/'2012-2022'!S$3 -> -2.2488457 | G203: =('2012-2022'!G212-'2012-2022'!T$2)/'2012-2022'!T$3 -> -1.8922005 | H203: =('2012-2022'!H212-'2012-2022'!U$2)/'2012-2022'!U$3 -> -1.5204297 | I203: =('2012-2022'!I212-'2012-2022'!V$2)/'2012-2022'!V$3 -> -1.2375024 | J203: =('2012-2022'!J212-'2012-2022'!W$2)/'2012-2022'!W$3 -> -2.0229747 | K203: =('2012-2022'!K212-'2012-2022'!X$2)/'2012-2022'!X$3 -> -0.658319 | L203: =('2012-2022'!L212-'2012-2022'!Y$2)/'2012-2022'!Y$3 -> -0.88361898 | ... N203: =('2012-2022'!N212-'2012-2022'!AA$2)/'2012-2022'!AA$3 -> -1.9936387 | O203: =('2012-2022'!P212-'2012-2022'!AC$2)/'2012-2022'!AC$3 -> 0.2400424
A204: South Korea | B204: 2015 | C204: East Asia & Pacific | D204: High income | E204: =('2012-2022'!E214-'2012-2022'!R$2)/'2012-2022'!R$3 -> -1.4105785 | F204: =('2012-2022'!F214-'2012-2022'!S$2)/'2012-2022'!S$3 -> -1.8297771 | G204: =('2012-2022'!G214-'2012-2022'!T$2)/'2012-2022'!T$3 -> -3.0737284 | H204: =('2012-2022'!H214-'2012-2022'!U$2)/'2012-2022'!U$3 -> -1.2687557 | I204: =('2012-2022'!I214-'2012-2022'!V$2)/'2012-2022'!V$3 -> -1.4025001 | J204: =('2012-2022'!J214-'2012-2022'!W$2)/'2012-2022'!W$3 -> -2.0827561 | K204: =('2012-2022'!K214-'2012-2022'!X$2)/'2012-2022'!X$3 -> -0.95147857 | L204: =('2012-2022'!L214-'2012-2022'!Y$2)/'2012-2022'!Y$3 -> -0.37267307 | ... N204: =('2012-2022'!N214-'2012-2022'!AA$2)/'2012-2022'!AA$3 -> -1.890166 | O204: =('2012-2022'!P214-'2012-2022'!AC$2)/'2012-2022'!AC$3 -> 0.21243098
A205: South Korea | B205: 2016 | C205: East Asia & Pacific | D205: High income | E205: =('2012-2022'!E215-'2012-2022'!R$2)/'2012-2022'!R$3 -> -1.4194989 | F205: =('2012-2022'!F215-'2012-2022'!S$2)/'2012-2022'!S$3 -> -1.7603709 | G205: =('2012-2022'!G215-'2012-2022'!T$2)/'2012-2022'!T$3 -> -2.5182479 | H205: =('2012-2022'!H215-'2012-2022'!U$2)/'2012-2022'!U$3 -> -1.3201574 | I205: =('2012-2022'!I215-'2012-2022'!V$2)/'2012-2022'!V$3 -> -1.3790408 | J205: =('2012-2022'!J215-'2012-2022'!W$2)/'2012-2022'!W$3 -> -0.5475167 | K205: =('2012-2022'!K215-'2012-2022'!X$2)/'2012-2022'!X$3 -> 0.44506595 | L205: =('2012-2022'!L215-'2012-2022'!Y$2)/'2012-2022'!Y$3 -> -0.20902604 | ... N205: =('2012-2022'!N215-'2012-2022'!AA$2)/'2012-2022'!AA$3 -> -0.58910279 | O205: =('2012-2022'!P215-'2012-2022'!AC$2)/'2012-2022'!AC$3 -> 0.18699341
A206: South Korea | B206: 2017 | C206: East Asia & Pacific | D206: High income | E206: =('2012-2022'!E216-'2012-2022'!R$2)/'2012-2022'!R$3 -> -0.67791303 | F206: =('2012-2022'!F216-'2012-2022'!S$2)/'2012-2022'!S$3 -> -1.7957176 | G206: =('2012-2022'!G216-'2012-2022'!T$2)/'2012-2022'!T$3 -> -1.7680175 | H206: =('2012-2022'!H216-'2012-2022'!U$2)/'2012-2022'!U$3 -> -1.1074116 | I206: =('2012-2022'!I216-'2012-2022'!V$2)/'2012-2022'!V$3 -> -0.3282771 | J206: =('2012-2022'!J216-'2012-2022'!W$2)/'2012-2022'!W$3 -> -0.49651269 | K206: =('2012-2022'!K216-'2012-2022'!X$2)/'2012-2022'!X$3 -> 0.20752614 | L206: =('2012-2022'!L216-'2012-2022'!Y$2)/'2012-2022'!Y$3 -> 0.096302053 | ... N206: =('2012-2022'!N216-'2012-2022'!AA$2)/'2012-2022'!AA$3 -> -0.59053059 | O206: =('2012-2022'!P216-'2012-2022'!AC$2)/'2012-2022'!AC$3 -> 0.16613436
A207: South Korea | B207: 2018 | C207: East Asia & Pacific | D207: High income | E207: =('2012-2022'!E217-'2012-2022'!R$2)/'2012-2022'!R$3 -> -0.17132357 | F207: =('2012-2022'!F217-'2012-2022'!S$2)/'2012-2022'!S$3 -> -1.1086647 | G207: =('2012-2022'!G217-'2012-2022'!T$2)/'2012-2022'!T$3 -> -1.6609164 | H207: =('2012-2022'!H217-'2012-2022'!U$2)/'2012-2022'!U$3 -> -0.38552552 | I207: =('2012-2022'!I217-'2012-2022'!V$2)/'2012-2022'!V$3 -> -0.0030375289 | J207: =('2012-2022'!J217-'2012-2022'!W$2)/'2012-2022'!W$3 -> -0.14945776 | K207: =('2012-2022'!K217-'2012-2022'!X$2)/'2012-2022'!X$3 -> 0.78429871 | L207: =('2012-2022'!L217-'2012-2022'!Y$2)/'2012-2022'!Y$3 -> 0.1410793 | ... N207: =('2012-2022'!N217-'2012-2022'!AA$2)/'2012-2022'!AA$3 -> 0.054399397 | O207: =('2012-2022'!P217-'2012-2022'!AC$2)/'2012-2022'!AC$3 -> 0.16313616
A208: South Korea | B208: 2019 | C208: East Asia & Pacific | D208: High income | E208: =('2012-2022'!E218-'2012-2022'!R$2)/'2012-2022'!R$3 -> -0.56750337 | F208: =('2012-2022'!F218-'2012-2022'!S$2)/'2012-2022'!S$3 -> -1.7623534 | G208: =('2012-2022'!G218-'2012-2022'!T$2)/'2012-2022'!T$3 -> -2.0676739 | H208: =('2012-2022'!H218-'2012-2022'!U$2)/'2012-2022'!U$3 -> -0.98020989 | I208: =('2012-2022'!I218-'2012-2022'!V$2)/'2012-2022'!V$3 -> -0.24819711 | J208: =('2012-2022'!J218-'2012-2022'!W$2)/'2012-2022'!W$3 -> 0.026301369 | K208: =('2012-2022'!K218-'2012-2022'!X$2)/'2012-2022'!X$3 -> 0.8134542 | L208: =('2012-2022'!L218-'2012-2022'!Y$2)/'2012-2022'!Y$3 -> -0.3680575 | ... N208: =('2012-2022'!N218-'2012-2022'!AA$2)/'2012-2022'!AA$3 -> -0.11882809 | O208: =('2012-2022'!P218-'2012-2022'!AC$2)/'2012-2022'!AC$3 -> 0.10668239
A209: South Korea | B209: 2020 | C209: East Asia & Pacific | D209: High income | E209: =('2012-2022'!E219-'2012-2022'!R$2)/'2012-2022'!R$3 -> -0.47986417 | F209: =('2012-2022'!F219-'2012-2022'!S$2)/'2012-2022'!S$3 -> -1.2427028 | G209: =('2012-2022'!G219-'2012-2022'!T$2)/'2012-2022'!T$3 -> -1.8805868 | H209: =('2012-2022'!H219-'2012-2022'!U$2)/'2012-2022'!U$3 -> -0.58960788 | I209: =('2012-2022'!I219-'2012-2022'!V$2)/'2012-2022'!V$3 -> -0.37642561 | J209: =('2012-2022'!J219-'2012-2022'!W$2)/'2012-2022'!W$3 -> 0.14009191 | K209: =('2012-2022'!K219-'2012-2022'!X$2)/'2012-2022'!X$3 -> 0.91763898 | L209: =('2012-2022'!L219-'2012-2022'!Y$2)/'2012-2022'!Y$3 -> -0.14362592 | ... N209: =('2012-2022'!N219-'2012-2022'!AA$2)/'2012-2022'!AA$3 -> -0.010003598 | O209: =('2012-2022'!P219-'2012-2022'!AC$2)/'2012-2022'!AC$3 -> 0.10203623
A210: South Korea | B210: 2021 | C210: East Asia & Pacific | D210: High income | E210: =('2012-2022'!E220-'2012-2022'!R$2)/'2012-2022'!R$3 -> -0.40013675 | F210: =('2012-2022'!F220-'2012-2022'!S$2)/'2012-2022'!S$3 -> -1.1416508 | G210: =('2012-2022'!G220-'2012-2022'!T$2)/'2012-2022'!T$3 -> -1.9102909 | H210: =('2012-2022'!H220-'2012-2022'!U$2)/'2012-2022'!U$3 -> -0.42838829 | I210: =('2012-2022'!I220-'2012-2022'!V$2)/'2012-2022'!V$3 -> -0.36442704 | J210: =('2012-2022'!J220-'2012-2022'!W$2)/'2012-2022'!W$3 -> 0.22156824 | K210: =('2012-2022'!K220-'2012-2022'!X$2)/'2012-2022'!X$3 -> 0.98232837 | L210: =('2012-2022'!L220-'2012-2022'!Y$2)/'2012-2022'!Y$3 -> -0.1009927 | ... N210: =('2012-2022'!N220-'2012-2022'!AA$2)/'2012-2022'!AA$3 -> -0.050113227 | O210: =('2012-2022'!P220-'2012-2022'!AC$2)/'2012-2022'!AC$3 -> 0.20221047
A211: South Korea | B211: 2022 | C211: East Asia & Pacific | D211: High income | E211: =('2012-2022'!E221-'2012-2022'!R$2)/'2012-2022'!R$3 -> -0.41780041 | F211: =('2012-2022'!F221-'2012-2022'!S$2)/'2012-2022'!S$3 -> -0.85146844 | G211: =('2012-2022'!G221-'2012-2022'!T$2)/'2012-2022'!T$3 -> -1.7713403 | H211: =('2012-2022'!H221-'2012-2022'!U$2)/'2012-2022'!U$3 -> -0.27139335 | I211: =('2012-2022'!I221-'2012-2022'!V$2)/'2012-2022'!V$3 -> -0.49267899 | J211: =('2012-2022'!J221-'2012-2022'!W$2)/'2012-2022'!W$3 -> 0.29627668 | K211: =('2012-2022'!K221-'2012-2022'!X$2)/'2012-2022'!X$3 -> 0.90651227 | L211: =('2012-2022'!L221-'2012-2022'!Y$2)/'2012-2022'!Y$3 -> -0.18166559 | ... N211: =('2012-2022'!N221-'2012-2022'!AA$2)/'2012-2022'!AA$3 -> -0.23404901 | O211: =('2012-2022'!P221-'2012-2022'!AC$2)/'2012-2022'!AC$3 -> 0.2390223
A212: Spain | B212: 2012 | C212: Europe & Central Asia | D212: High income | E212: =('2012-2022'!E222-'2012-2022'!R$2)/'2012-2022'!R$3 -> -1.0096104 | F212: =('2012-2022'!F222-'2012-2022'!S$2)/'2012-2022'!S$3 -> -1.2335949 | G212: =('2012-2022'!G222-'2012-2022'!T$2)/'2012-2022'!T$3 -> 0.41053951 | H212: =('2012-2022'!H222-'2012-2022'!U$2)/'2012-2022'!U$3 -> -1.0949675 | I212: =('2012-2022'!I222-'2012-2022'!V$2)/'2012-2022'!V$3 -> -0.96508201 | J212: =('2012-2022'!J222-'2012-2022'!W$2)/'2012-2022'!W$3 -> -0.088816602 | K212: =('2012-2022'!K222-'2012-2022'!X$2)/'2012-2022'!X$3 -> -0.77924299 | L212: =('2012-2022'!L222-'2012-2022'!Y$2)/'2012-2022'!Y$3 -> -0.84745711 | ... N212: =('2012-2022'!N222-'2012-2022'!AA$2)/'2012-2022'!AA$3 -> -1.920489 | O212: =('2012-2022'!P222-'2012-2022'!AC$2)/'2012-2022'!AC$3 -> 0.057394979
A213: Spain | B213: 2013 | C213: Europe & Central Asia | D213: High income | E213: =('2012-2022'!E223-'2012-2022'!R$2)/'2012-2022'!R$3 -> -1.1897521 | F213: =('2012-2022'!F223-'2012-2022'!S$2)/'2012-2022'!S$3 -> -1.1870734 | G213: =('2012-2022'!G223-'2012-2022'!T$2)/'2012-2022'!T$3 -> -0.37802755 | H213: =('2012-2022'!H223-'2012-2022'!U$2)/'2012-2022'!U$3 -> -1.1179684 | I213: =('2012-2022'!I223-'2012-2022'!V$2)/'2012-2022'!V$3 -> -1.2048382 | J213: =('2012-2022'!J223-'2012-2022'!W$2)/'2012-2022'!W$3 -> -0.26078504 | K213: =('2012-2022'!K223-'2012-2022'!X$2)/'2012-2022'!X$3 -> -0.98474607 | L213: =('2012-2022'!L223-'2012-2022'!Y$2)/'2012-2022'!Y$3 -> -0.87069111 | ... N213: =('2012-2022'!N223-'2012-2022'!AA$2)/'2012-2022'!AA$3 -> -1.7898699 | O213: =('2012-2022'!P223-'2012-2022'!AC$2)/'2012-2022'!AC$3 -> 0.059101143
A214: Spain | B214: 2014 | C214: Europe & Central Asia | D214: High income | E214: =('2012-2022'!E224-'2012-2022'!R$2)/'2012-2022'!R$3 -> -1.1363889 | F214: =('2012-2022'!F224-'2012-2022'!S$2)/'2012-2022'!S$3 -> -1.2568145 | G214: =('2012-2022'!G224-'2012-2022'!T$2)/'2012-2022'!T$3 -> -0.68885 | H214: =('2012-2022'!H224-'2012-2022'!U$2)/'2012-2022'!U$3 -> -1.0435392 | I214: =('2012-2022'!I224-'2012-2022'!V$2)/'2012-2022'!V$3 -> -1.1746225 | J214: =('2012-2022'!J224-'2012-2022'!W$2)/'2012-2022'!W$3 -> -0.28349749 | K214: =('2012-2022'!K224-'2012-2022'!X$2)/'2012-2022'!X$3 -> -1.0846632 | L214: =('2012-2022'!L224-'2012-2022'!Y$2)/'2012-2022'!Y$3 -> -0.47951008 | ... N214: =('2012-2022'!N224-'2012-2022'!AA$2)/'2012-2022'!AA$3 -> -1.3791887 | O214: =('2012-2022'!P224-'2012-2022'!AC$2)/'2012-2022'!AC$3 -> -0.16378364
A215: Spain | B215: 2015 | C215: Europe & Central Asia | D215: High income | E215: =('2012-2022'!E225-'2012-2022'!R$2)/'2012-2022'!R$3 -> -1.0796022 | F215: =('2012-2022'!F225-'2012-2022'!S$2)/'2012-2022'!S$3 -> -1.4338716 | G215: =('2012-2022'!G225-'2012-2022'!T$2)/'2012-2022'!T$3 -> -0.54072816 | H215: =('2012-2022'!H225-'2012-2022'!U$2)/'2012-2022'!U$3 -> -1.1041263 | I215: =('2012-2022'!I225-'2012-2022'!V$2)/'2012-2022'!V$3 -> -1.0686362 | J215: =('2012-2022'!J225-'2012-2022'!W$2)/'2012-2022'!W$3 -> -0.53321526 | K215: =('2012-2022'!K225-'2012-2022'!X$2)/'2012-2022'!X$3 -> -1.2354501 | L215: =('2012-2022'!L225-'2012-2022'!Y$2)/'2012-2022'!Y$3 -> -0.64291978 | ... N215: =('2012-2022'!N225-'2012-2022'!AA$2)/'2012-2022'!AA$3 -> -1.1706399 | O215: =('2012-2022'!P225-'2012-2022'!AC$2)/'2012-2022'!AC$3 -> -0.028587084
... A253: Taiwan | B253: 2020 | C253: East Asia & Pacific | D253: High income | E253: =('2012-2022'!E263-'2012-2022'!R$2)/'2012-2022'!R$3 -> -0.65075104 | F253: =('2012-2022'!F263-'2012-2022'!S$2)/'2012-2022'!S$3 -> -0.77476642 | G253: =('2012-2022'!G263-'2012-2022'!T$2)/'2012-2022'!T$3 -> -0.80138559 | H253: =('2012-2022'!H263-'2012-2022'!U$2)/'2012-2022'!U$3 -> -0.68046391 | I253: =('2012-2022'!I263-'2012-2022'!V$2)/'2012-2022'!V$3 -> -0.59705874 | J253: =('2012-2022'!J263-'2012-2022'!W$2)/'2012-2022'!W$3 -> -0.57233573 | K253: =('2012-2022'!K263-'2012-2022'!X$2)/'2012-2022'!X$3 -> -0.37429635 | L253: =('2012-2022'!L263-'2012-2022'!Y$2)/'2012-2022'!Y$3 -> -0.74936183 | ... N253: =('2012-2022'!N263-'2012-2022'!AA$2)/'2012-2022'!AA$3 -> -0.34481693 | O253: =('2012-2022'!P263-'2012-2022'!AC$2)/'2012-2022'!AC$3 -> 0.55708654
A254: Taiwan | B254: 2022 | C254: East Asia & Pacific | D254: High income | E254: =('2012-2022'!E265-'2012-2022'!R$2)/'2012-2022'!R$3 -> -0.85992672 | F254: =('2012-2022'!F265-'2012-2022'!S$2)/'2012-2022'!S$3 -> -0.8481939 | G254: =('2012-2022'!G265-'2012-2022'!T$2)/'2012-2022'!T$3 -> 0.52794229 | H254: =('2012-2022'!H265-'2012-2022'!U$2)/'2012-2022'!U$3 -> -0.96936425 | I254: =('2012-2022'!I265-'2012-2022'!V$2)/'2012-2022'!V$3 -> -0.76715721 | J254: =('2012-2022'!J265-'2012-2022'!W$2)/'2012-2022'!W$3 -> -0.99510628 | K254: =('2012-2022'!K265-'2012-2022'!X$2)/'2012-2022'!X$3 -> -0.41584774 | L254: =('2012-2022'!L265-'2012-2022'!Y$2)/'2012-2022'!Y$3 -> -1.0176067 | ... N254: =('2012-2022'!N265-'2012-2022'!AA$2)/'2012-2022'!AA$3 -> 0.12506797 | O254: =('2012-2022'!P265-'2012-2022'!AC$2)/'2012-2022'!AC$3 -> 0.5924537
A255: United Kingdom | B255: 2012 | C255: Europe & Central Asia | D255: High income | E255: =('2012-2022'!E266-'2012-2022'!R$2)/'2012-2022'!R$3 -> -0.66483682 | F255: =('2012-2022'!F266-'2012-2022'!S$2)/'2012-2022'!S$3 -> -0.15848845 | G255: =('2012-2022'!G266-'2012-2022'!T$2)/'2012-2022'!T$3 -> -0.95159283 | H255: =('2012-2022'!H266-'2012-2022'!U$2)/'2012-2022'!U$3 -> -0.58919541 | I255: =('2012-2022'!I266-'2012-2022'!V$2)/'2012-2022'!V$3 -> -0.63083623 | J255: =('2012-2022'!J266-'2012-2022'!W$2)/'2012-2022'!W$3 -> -0.37072268 | K255: =('2012-2022'!K266-'2012-2022'!X$2)/'2012-2022'!X$3 -> -0.82395597 | L255: =('2012-2022'!L266-'2012-2022'!Y$2)/'2012-2022'!Y$3 -> -0.92945829 | ... N255: =('2012-2022'!N266-'2012-2022'!AA$2)/'2012-2022'!AA$3 -> -0.74481391 | O255: =('2012-2022'!P266-'2012-2022'!AC$2)/'2012-2022'!AC$3 -> 1.0284672
A256: United Kingdom | B256: 2013 | C256: Europe & Central Asia | D256: High income | E256: =('2012-2022'!E267-'2012-2022'!R$2)/'2012-2022'!R$3 -> -0.93475786 | F256: =('2012-2022'!F267-'2012-2022'!S$2)/'2012-2022'!S$3 -> -0.36492327 | G256: =('2012-2022'!G267-'2012-2022'!T$2)/'2012-2022'!T$3 -> -0.99166581 | H256: =('2012-2022'!H267-'2012-2022'!U$2)/'2012-2022'!U$3 -> -0.77192981 | I256: =('2012-2022'!I267-'2012-2022'!V$2)/'2012-2022'!V$3 -> -0.97183661 | J256: =('2012-2022'!J267-'2012-2022'!W$2)/'2012-2022'!W$3 -> -0.65569404 | K256: =('2012-2022'!K267-'2012-2022'!X$2)/'2012-2022'!X$3 -> -1.1173726 | L256: =('2012-2022'!L267-'2012-2022'!Y$2)/'2012-2022'!Y$3 -> -0.99469407 | ... N256: =('2012-2022'!N267-'2012-2022'!AA$2)/'2012-2022'!AA$3 -> -0.57567244 | O256: =('2012-2022'!P267-'2012-2022'!AC$2)/'2012-2022'!AC$3 -> 1.1321671
A257: United Kingdom | B257: 2014 | C257: Europe & Central Asia | D257: High income | E257: =('2012-2022'!E268-'2012-2022'!R$2)/'2012-2022'!R$3 -> -0.2673905 | F257: =('2012-2022'!F268-'2012-2022'!S$2)/'2012-2022'!S$3 -> -0.76507701 | G257: =('2012-2022'!G268-'2012-2022'!T$2)/'2012-2022'!T$3 -> 0.064066071 | H257: =('2012-2022'!H268-'2012-2022'!U$2)/'2012-2022'!U$3 -> -0.6174513 | I257: =('2012-2022'!I268-'2012-2022'!V$2)/'2012-2022'!V$3 -> -0.008478878 | J257: =('2012-2022'!J268-'2012-2022'!W$2)/'2012-2022'!W$3 -> -0.4308331 | K257: =('2012-2022'!K268-'2012-2022'!X$2)/'2012-2022'!X$3 -> -1.016862 | L257: =('2012-2022'!L268-'2012-2022'!Y$2)/'2012-2022'!Y$3 -> -0.85911691 | ... N257: =('2012-2022'!N268-'2012-2022'!AA$2)/'2012-2022'!AA$3 -> -0.23713448 | O257: =('2012-2022'!P268-'2012-2022'!AC$2)/'2012-2022'!AC$3 -> 1.1393556
A258: United Kingdom | B258: 2015 | C258: Europe & Central Asia | D258: High income | E258: =('2012-2022'!E269-'2012-2022'!R$2)/'2012-2022'!R$3 -> -1.0834114 | F258: =('2012-2022'!F269-'2012-2022'!S$2)/'2012-2022'!S$3 -> -0.95737146 | G258: =('2012-2022'!G269-'2012-2022'!T$2)/'2012-2022'!T$3 -> -1.1496734 | H258: =('2012-2022'!H269-'2012-2022'!U$2)/'2012-2022'!U$3 -> -1.0248937 | I258: =('2012-2022'!I269-'2012-2022'!V$2)/'2012-2022'!V$3 -> -1.0406982 | J258: =('2012-2022'!J269-'2012-2022'!W$2)/'2012-2022'!W$3 -> -0.68004582 | K258: =('2012-2022'!K269-'2012-2022'!X$2)/'2012-2022'!X$3 -> -0.97904379 | L258: =('2012-2022'!L269-'2012-2022'!Y$2)/'2012-2022'!Y$3 -> -0.95567487 | ... N258: =('2012-2022'!N269-'2012-2022'!AA$2)/'2012-2022'!AA$3 -> -0.20175377 | O258: =('2012-2022'!P269-'2012-2022'!AC$2)/'2012-2022'!AC$3 -> 1.2403269
A259: United Kingdom | B259: 2016 | C259: Europe & Central Asia | D259: High income | E259: =('2012-2022'!E270-'2012-2022'!R$2)/'2012-2022'!R$3 -> -0.63282282 | F259: =('2012-2022'!F270-'2012-2022'!S$2)/'2012-2022'!S$3 -> -0.092648728 | G259: =('2012-2022'!G270-'2012-2022'!T$2)/'2012-2022'!T$3 -> -0.84212534 | H259: =('2012-2022'!H270-'2012-2022'!U$2)/'2012-2022'!U$3 -> -0.43628539 | I259: =('2012-2022'!I270-'2012-2022'!V$2)/'2012-2022'!V$3 -> -0.71546149 | J259: =('2012-2022'!J270-'2012-2022'!W$2)/'2012-2022'!W$3 -> -0.29866044 | K259: =('2012-2022'!K270-'2012-2022'!X$2)/'2012-2022'!X$3 -> -0.83791044 | L259: =('2012-2022'!L270-'2012-2022'!Y$2)/'2012-2022'!Y$3 -> -0.68248502 | ... N259: =('2012-2022'!N270-'2012-2022'!AA$2)/'2012-2022'!AA$3 -> -0.15518819 | O259: =('2012-2022'!P270-'2012-2022'!AC$2)/'2012-2022'!AC$3 -> 1.0734956
A260: United Kingdom | B260: 2017 | C260: Europe & Central Asia | D260: High income | E260: =('2012-2022'!E271-'2012-2022'!R$2)/'2012-2022'!R$3 -> -0.56685373 | F260: =('2012-2022'!F271-'2012-2022'!S$2)/'2012-2022'!S$3 -> -0.41341503 | G260: =('2012-2022'!G271-'2012-2022'!T$2)/'2012-2022'!T$3 -> 0.02769659 | H260: =('2012-2022'!H271-'2012-2022'!U$2)/'2012-2022'!U$3 -> -0.63456915 | I260: =('2012-2022'!I271-'2012-2022'!V$2)/'2012-2022'!V$3 -> -0.48845944 | J260: =('2012-2022'!J271-'2012-2022'!W$2)/'2012-2022'!W$3 -> -0.27649452 | K260: =('2012-2022'!K271-'2012-2022'!X$2)/'2012-2022'!X$3 -> -0.99501851 | L260: =('2012-2022'!L271-'2012-2022'!Y$2)/'2012-2022'!Y$3 -> -0.68383176 | ... N260: =('2012-2022'!N271-'2012-2022'!AA$2)/'2012-2022'!AA$3 -> -0.11307328 | O260: =('2012-2022'!P271-'2012-2022'!AC$2)/'2012-2022'!AC$3 -> 1.0589054
A261: United Kingdom | B261: 2018 | C261: Europe & Central Asia | D261: High income | E261: =('2012-2022'!E272-'2012-2022'!R$2)/'2012-2022'!R$3 -> -0.52463352 | F261: =('2012-2022'!F272-'2012-2022'!S$2)/'2012-2022'!S$3 -> -0.11025472 | G261: =('2012-2022'!G272-'2012-2022'!T$2)/'2012-2022'!T$3 -> 0.066975604 | H261: =('2012-2022'!H272-'2012-2022'!U$2)/'2012-2022'!U$3 -> -0.49564116 | I261: =('2012-2022'!I272-'2012-2022'!V$2)/'2012-2022'!V$3 -> -0.51338176 | J261: =('2012-2022'!J272-'2012-2022'!W$2)/'2012-2022'!W$3 -> -0.41408536 | K261: =('2012-2022'!K272-'2012-2022'!X$2)/'2012-2022'!X$3 -> -1.063231 | L261: =('2012-2022'!L272-'2012-2022'!Y$2)/'2012-2022'!Y$3 -> -0.67411424 | ... N261: =('2012-2022'!N272-'2012-2022'!AA$2)/'2012-2022'!AA$3 -> -0.048319416 | O261: =('2012-2022'!P272-'2012-2022'!AC$2)/'2012-2022'!AC$3 -> 1.0657685
A262: United Kingdom | B262: 2019 | C262: Europe & Central Asia | D262: High income | E262: =('2012-2022'!E273-'2012-2022'!R$2)/'2012-2022'!R$3 -> -0.39979562 | F262: =('2012-2022'!F273-'2012-2022'!S$2)/'2012-2022'!S$3 -> 0.65663203 | G262: =('2012-2022'!G273-'2012-2022'!T$2)/'2012-2022'!T$3 -> -0.93847474 | H262: =('2012-2022'!H273-'2012-2022'!U$2)/'2012-2022'!U$3 -> 0.10955573 | I262: =('2012-2022'!I273-'2012-2022'!V$2)/'2012-2022'!V$3 -> -0.68925821 | J262: =('2012-2022'!J273-'2012-2022'!W$2)/'2012-2022'!W$3 -> 0.32830331 | K262: =('2012-2022'!K273-'2012-2022'!X$2)/'2012-2022'!X$3 -> -0.94300088 | L262: =('2012-2022'!L273-'2012-2022'!Y$2)/'2012-2022'!Y$3 -> 0.58686095 | ... N262: =('2012-2022'!N273-'2012-2022'!AA$2)/'2012-2022'!AA$3 -> -0.059751362 | O262: =('2012-2022'!P273-'2012-2022'!AC$2)/'2012-2022'!AC$3 -> 1.1143088
A263: United Kingdom | B263: 2020 | C263: Europe & Central Asia | D263: High income | E263: =('2012-2022'!E274-'2012-2022'!R$2)/'2012-2022'!R$3 -> -0.31387931 | F263: =('2012-2022'!F274-'2012-2022'!S$2)/'2012-2022'!S$3 -> 0.48250447 | G263: =('2012-2022'!G274-'2012-2022'!T$2)/'2012-2022'!T$3 -> 0.81016123 | H263: =('2012-2022'!H274-'2012-2022'!U$2)/'2012-2022'!U$3 -> -0.22563674 | I263: =('2012-2022'!I274-'2012-2022'!V$2)/'2012-2022'!V$3 -> -0.35890485 | J263: =('2012-2022'!J274-'2012-2022'!W$2)/'2012-2022'!W$3 -> 0.26980121 | K263: =('2012-2022'!K274-'2012-2022'!X$2)/'2012-2022'!X$3 -> -0.90429378 | L263: =('2012-2022'!L274-'2012-2022'!Y$2)/'2012-2022'!Y$3 -> 0.64416862 | ... N263: =('2012-2022'!N274-'2012-2022'!AA$2)/'2012-2022'!AA$3 -> -1.0852292 | O263: =('2012-2022'!P274-'2012-2022'!AC$2)/'2012-2022'!AC$3 -> 0.97334025
A264: United Kingdom | B264: 2021 | C264: Europe & Central Asia | D264: High income | E264: =('2012-2022'!E275-'2012-2022'!R$2)/'2012-2022'!R$3 -> 0.31621041 | F264: =('2012-2022'!F275-'2012-2022'!S$2)/'2012-2022'!S$3 -> 0.72999777 | G264: =('2012-2022'!G275-'2012-2022'!T$2)/'2012-2022'!T$3 -> -0.4444335 | H264: =('2012-2022'!H275-'2012-2022'!U$2)/'2012-2022'!U$3 -> 0.7740269 | I264: =('2012-2022'!I275-'2012-2022'!V$2)/'2012-2022'!V$3 -> 0.011984762 | J264: =('2012-2022'!J275-'2012-2022'!W$2)/'2012-2022'!W$3 -> -0.030043386 | K264: =('2012-2022'!K275-'2012-2022'!X$2)/'2012-2022'!X$3 -> -0.77288281 | L264: =('2012-2022'!L275-'2012-2022'!Y$2)/'2012-2022'!Y$3 -> 0.64275271 | ... N264: =('2012-2022'!N275-'2012-2022'!AA$2)/'2012-2022'!AA$3 -> 1.0207653 | O264: =('2012-2022'!P275-'2012-2022'!AC$2)/'2012-2022'!AC$3 -> 0.9725785
A265: United Kingdom | B265: 2022 | C265: Europe & Central Asia | D265: High income | E265: =('2012-2022'!E276-'2012-2022'!R$2)/'2012-2022'!R$3 -> 0.29602488 | F265: =('2012-2022'!F276-'2012-2022'!S$2)/'2012-2022'!S$3 -> 0.24157157 | G265: =('2012-2022'!G276-'2012-2022'!T$2)/'2012-2022'!T$3 -> -0.2720349 | H265: =('2012-2022'!H276-'2012-2022'!U$2)/'2012-2022'!U$3 -> 0.47497654 | I265: =('2012-2022'!I276-'2012-2022'!V$2)/'2012-2022'!V$3 -> 0.15737743 | J265: =('2012-2022'!J276-'2012-2022'!W$2)/'2012-2022'!W$3 -> 0.18125377 | K265: =('2012-2022'!K276-'2012-2022'!X$2)/'2012-2022'!X$3 -> -0.70512976 | L265: =('2012-2022'!L276-'2012-2022'!Y$2)/'2012-2022'!Y$3 -> 0.46693412 | ... N265: =('2012-2022'!N276-'2012-2022'!AA$2)/'2012-2022'!AA$3 -> -0.027749795 | O265: =('2012-2022'!P276-'2012-2022'!AC$2)/'2012-2022'!AC$3 -> 1.0334717
...

Sheet S2019-2022
A1: Country | B1: Year | C1: Region | D1: Income Group | E1: TEA_18_34 | F1: Teaap1 | G1: Teaap2 | H1: Teaac1 | I1: Teaac2 | J1: Suskil | K1: Futsup | L1: Knoent | M1: Frfail | N1: Opport | O1: Nbstat | P1: RQ
A2: Canada | B2: 2019 | C2: North America | D2: High income | E2: =('2019-2022'!E2-'2019-2022'!R$2)/'2019-2022'!R$3 -> 1.7958544 | F2: =('2019-2022'!F2-'2019-2022'!S$2)/'2019-2022'!S$3 -> 0.58609374 | G2: =('2019-2022'!G2-'2019-2022'!T$2)/'2019-2022'!T$3 -> 0.22405915 | H2: =('2019-2022'!H2-'2019-2022'!U$2)/'2019-2022'!U$3 -> 1.6773182 | I2: =('2019-2022'!I2-'2019-2022'!V$2)/'2019-2022'!V$3 -> 1.8062895 | J2: =('2019-2022'!J2-'2019-2022'!W$2)/'2019-2022'!W$3 -> -0.11045833 | K2: =('2019-2022'!K2-'2019-2022'!X$2)/'2019-2022'!X$3 -> -0.36791177 | L2: =('2019-2022'!L2-'2019-2022'!Y$2)/'2019-2022'!Y$3 -> 0.23137476 | ... P2: =('2019-2022'!P2-'2019-2022'!AC$2)/'2019-2022'!AC$3 -> 1.3893188
A3: Canada | B3: 2020 | C3: North America | D3: High income | E3: =('2019-2022'!E3-'2019-2022'!R$2)/'2019-2022'!R$3 -> 1.0001682 | F3: =('2019-2022'!F3-'2019-2022'!S$2)/'2019-2022'!S$3 -> 0.62270172 | G3: =('2019-2022'!G3-'2019-2022'!T$2)/'2019-2022'!T$3 -> -0.39959859 | H3: =('2019-2022'!H3-'2019-2022'!U$2)/'2019-2022'!U$3 -> 1.2679239 | I3: =('2019-2022'!I3-'2019-2022'!V$2)/'2019-2022'!V$3 -> 0.78911848 | J3: =('2019-2022'!J3-'2019-2022'!W$2)/'2019-2022'!W$3 -> -0.19137817 | K3: =('2019-2022'!K3-'2019-2022'!X$2)/'2019-2022'!X$3 -> -0.5888011 | L3: =('2019-2022'!L3-'2019-2022'!Y$2)/'2019-2022'!Y$3 -> -0.048201589 | ... P3: =('2019-2022'!P3-'2019-2022'!AC$2)/'2019-2022'!AC$3 -> 1.2672546
A4: Canada | B4: 2021 | C4: North America | D4: High income | E4: =('2019-2022'!E4-'2019-2022'!R$2)/'2019-2022'!R$3 -> 2.1987042 | F4: =('2019-2022'!F4-'2019-2022'!S$2)/'2019-2022'!S$3 -> 0.84017536 | G4: =('2019-2022'!G4-'2019-2022'!T$2)/'2019-2022'!T$3 -> 0.031103036 | H4: =('2019-2022'!H4-'2019-2022'!U$2)/'2019-2022'!U$3 -> 2.3308644 | I4: =('2019-2022'!I4-'2019-2022'!V$2)/'2019-2022'!V$3 -> 2.0247473 | J4: =('2019-2022'!J4-'2019-2022'!W$2)/'2019-2022'!W$3 -> 0.034575736 | K4: =('2019-2022'!K4-'2019-2022'!X$2)/'2019-2022'!X$3 -> -0.29091775 | L4: =('2019-2022'!L4-'2019-2022'!Y$2)/'2019-2022'!Y$3 -> 0.0016708999 | ... P4: =('2019-2022'!P4-'2019-2022'!AC$2)/'2019-2022'!AC$3 -> 1.3200062
A5: Canada | B5: 2022 | C5: North America | D5: High income | E5: =('2019-2022'!E5-'2019-2022'!R$2)/'2019-2022'!R$3 -> 1.2982117 | F5: =('2019-2022'!F5-'2019-2022'!S$2)/'2019-2022'!S$3 -> 0.16293787 | G5: =('2019-2022'!G5-'2019-2022'!T$2)/'2019-2022'!T$3 -> 0.31846899 | H5: =('2019-2022'!H5-'2019-2022'!U$2)/'2019-2022'!U$3 -> 1.0589001 | I5: =('2019-2022'!I5-'2019-2022'!V$2)/'2019-2022'!V$3 -> 1.3848752 | J5: =('2019-2022'!J5-'2019-2022'!W$2)/'2019-2022'!W$3 -> -0.20602746 | K5: =('2019-2022'!K5-'2019-2022'!X$2)/'2019-2022'!X$3 -> -0.44119964 | L5: =('2019-2022'!L5-'2019-2022'!Y$2)/'2019-2022'!Y$3 -> -0.29721701 | ... P5: =('2019-2022'!P5-'2019-2022'!AC$2)/'2019-2022'!AC$3 -> 1.3207418
A6: Colombia | B6: 2019 | C6: Latin America & Caribbean | D6: Upper-middle income | E6: =('2019-2022'!E6-'2019-2022'!R$2)/'2019-2022'!R$3 -> 1.5368991 | F6: =('2019-2022'!F6-'2019-2022'!S$2)/'2019-2022'!S$3 -> 0.61103549 | G6: =('2019-2022'!G6-'2019-2022'!T$2)/'2019-2022'!T$3 -> -0.26080119 | H6: =('2019-2022'!H6-'2019-2022'!U$2)/'2019-2022'!U$3 -> 1.5878682 | I6: =('2019-2022'!I6-'2019-2022'!V$2)/'2019-2022'!V$3 -> 1.4524705 | J6: =('2019-2022'!J6-'2019-2022'!W$2)/'2019-2022'!W$3 -> 0.95161129 | K6: =('2019-2022'!K6-'2019-2022'!X$2)/'2019-2022'!X$3 -> 0.94284229 | L6: =('2019-2022'!L6-'2019-2022'!Y$2)/'2019-2022'!Y$3 -> 1.0003372 | ... P6: =('2019-2022'!P6-'2019-2022'!AC$2)/'2019-2022'!AC$3 -> -0.58274638
A7: Colombia | B7: 2020 | C7: Latin America & Caribbean | D7: Upper-middle income | E7: =('2019-2022'!E7-'2019-2022'!R$2)/'2019-2022'!R$3 -> 2.7601598 | F7: =('2019-2022'!F7-'2019-2022'!S$2)/'2019-2022'!S$3 -> 0.58174737 | G7: =('2019-2022'!G7-'2019-2022'!T$2)/'2019-2022'!T$3 -> -0.10565463 | H7: =('2019-2022'!H7-'2019-2022'!U$2)/'2019-2022'!U$3 -> 2.621873 | I7: =('2019-2022'!I7-'2019-2022'!V$2)/'2019-2022'!V$3 -> 2.7512574 | J7: =('2019-2022'!J7-'2019-2022'!W$2)/'2019-2022'!W$3 -> 0.43516391 | K7: =('2019-2022'!K7-'2019-2022'!X$2)/'2019-2022'!X$3 -> 1.0105369 | L7: =('2019-2022'!L7-'2019-2022'!Y$2)/'2019-2022'!Y$3 -> 1.0253921 | ... P7: =('2019-2022'!P7-'2019-2022'!AC$2)/'2019-2022'!AC$3 -> -0.67996329
A8: Colombia | B8: 2022 | C8: Latin America & Caribbean | D8: Upper-middle income | E8: =('2019-2022'!E9-'2019-2022'!R$2)/'2019-2022'!R$3 -> 1.9174025 | F8: =('2019-2022'!F9-'2019-2022'!S$2)/'2019-2022'!S$3 -> -0.22388903 | G8: =('2019-2022'!G9-'2019-2022'!T$2)/'2019-2022'!T$3 -> -0.085823281 | H8: =('2019-2022'!H9-'2019-2022'!U$2)/'2019-2022'!U$3 -> 1.2792832 | I8: =('2019-2022'!I9-'2019-2022'!V$2)/'2019-2022'!V$3 -> 2.2592224 | J8: =('2019-2022'!J9-'2019-2022'!W$2)/'2019-2022'!W$3 -> 0.55536654 | K8: =('2019-2022'!K9-'2019-2022'!X$2)/'2019-2022'!X$3 -> -0.045969871 | L8: =('2019-2022'!L9-'2019-2022'!Y$2)/'2019-2022'!Y$3 -> 0.81635842 | ... P8: =('2019-2022'!P9-'2019-2022'!AC$2)/'2019-2022'!AC$3 -> -0.64517772
A9: Croatia | B9: 2019 | C9: Europe & Central Asia | D9: High income | E9: =('2019-2022'!E10-'2019-2022'!R$2)/'2019-2022'!R$3 -> 0.24739207 | F9: =('2019-2022'!F10-'2019-2022'!S$2)/'2019-2022'!S$3 -> 0.20286515 | G9: =('2019-2022'!G10-'2019-2022'!T$2)/'2019-2022'!T$3 -> 0.53846939 | H9: =('2019-2022'!H10-'2019-2022'!U$2)/'2019-2022'!U$3 -> 0.13252524 | I9: =('2019-2022'!I10-'2019-2022'!V$2)/'2019-2022'!V$3 -> 0.30626054 | J9: =('2019-2022'!J10-'2019-2022'!W$2)/'2019-2022'!W$3 -> 0.87102134 | K9: =('2019-2022'!K10-'2019-2022'!X$2)/'2019-2022'!X$3 -> -0.094410822 | L9: =('2019-2022'!L10-'2019-2022'!Y$2)/'2019-2022'!Y$3 -> 0.97884747 | ... P9: =('2019-2022'!P10-'2019-2022'!AC$2)/'2019-2022'!AC$3 -> -0.37545923
A10: Croatia | B10: 2020 | C10: Europe & Central Asia | D10: High income | E10: =('2019-2022'!E11-'2019-2022'!R$2)/'2019-2022'!R$3 -> 0.60718258 | F10: =('2019-2022'!F11-'2019-2022'!S$2)/'2019-2022'!S$3 -> -0.11149741 | G10: =('2019-2022'!G11-'2019-2022'!T$2)/'2019-2022'!T$3 -> 0.59851265 | H10: =('2019-2022'!H11-'2019-2022'!U$2)/'2019-2022'!U$3 -> 0.22374382 | I10: =('2019-2022'!I11-'2019-2022'!V$2)/'2019-2022'!V$3 -> 0.81585718 | J10: =('2019-2022'!J11-'2019-2022'!W$2)/'2019-2022'!W$3 -> 1.130193 | K10: =('2019-2022'!K11-'2019-2022'!X$2)/'2019-2022'!X$3 -> 0.20794566 | L10: =('2019-2022'!L11-'2019-2022'!Y$2)/'2019-2022'!Y$3 -> 1.0829401 | ... P10: =('2019-2022'!P11-'2019-2022'!AC$2)/'2019-2022'!AC$3 -> -0.62429562
A11: Croatia | B11: 2021 | C11: Europe & Central Asia | D11: High income | E11: =('2019-2022'!E12-'2019-2022'!R$2)/'2019-2022'!R$3 -> 0.48938569 | F11: =('2019-2022'!F12-'2019-2022'!S$2)/'2019-2022'!S$3 -> -0.30475645 | G11: =('2019-2022'!G12-'2019-2022'!T$2)/'2019-2022'!T$3 -> 0.60589607 | H11: =('2019-2022'!H12-'2019-2022'!U$2)/'2019-2022'!U$3 -> -0.033489408 | I11: =('2019-2022'!I12-'2019-2022'!V$2)/'2019-2022'!V$3 -> 0.81728113 | J11: =('2019-2022'!J12-'2019-2022'!W$2)/'2019-2022'!W$3 -> 0.86250341 | K11: =('2019-2022'!K12-'2019-2022'!X$2)/'2019-2022'!X$3 -> 0.049823113 | L11: =('2019-2022'!L12-'2019-2022'!Y$2)/'2019-2022'!Y$3 -> 1.0962084 | ... P11: =('2019-2022'!P12-'2019-2022'!AC$2)/'2019-2022'!AC$3 -> -0.44749872
A12: Croatia | B12: 2022 | C12: Europe & Central Asia | D12: High income | E12: =('2019-2022'!E13-'2019-2022'!R$2)/'2019-2022'!R$3 -> 0.90451947 | F12: =('2019-2022'!F13-'2019-2022'!S$2)/'2019-2022'!S$3 -> -0.89334962 | G12: =('2019-2022'!G13-'2019-2022'!T$2)/'2019-2022'!T$3 -> 1.0588244 | H12: =('2019-2022'!H13-'2019-2022'!U$2)/'2019-2022'!U$3 -> 0.067297084 | I12: =('2019-2022'!I13-'2019-2022'!V$2)/'2019-2022'!V$3 -> 1.1960149 | J12: =('2019-2022'!J13-'2019-2022'!W$2)/'2019-2022'!W$3 -> 1.0361616 | K12: =('2019-2022'!K13-'2019-2022'!X$2)/'2019-2022'!X$3 -> -0.043137584 | L12: =('2019-2022'!L13-'2019-2022'!Y$2)/'2019-2022'!Y$3 -> 0.9970423 | ... P12: =('2019-2022'!P13-'2019-2022'!AC$2)/'2019-2022'!AC$3 -> -0.49164889
A13: Cyprus | B13: 2019 | C13: Europe & Central Asia | D13: High income | E13: =('2019-2022'!E14-'2019-2022'!R$2)/'2019-2022'!R$3 -> 0.0068272761 | F13: =('2019-2022'!F14-'2019-2022'!S$2)/'2019-2022'!S$3 -> -0.26503244 | G13: =('2019-2022'!G14-'2019-2022'!T$2)/'2019-2022'!T$3 -> 0.36767907 | H13: =('2019-2022'!H14-'2019-2022'!U$2)/'2019-2022'!U$3 -> -0.23080698 | I13: =('2019-2022'!I14-'2019-2022'!V$2)/'2019-2022'!V$3 -> 0.15029029 | J13: =('2019-2022'!J14-'2019-2022'!W$2)/'2019-2022'!W$3 -> -0.017582737 | K13: =('2019-2022'!K14-'2019-2022'!X$2)/'2019-2022'!X$3 -> -0.14134245 | L13: =('2019-2022'!L14-'2019-2022'!Y$2)/'2019-2022'!Y$3 -> 0.29060138 | ... P13: =('2019-2022'!P14-'2019-2022'!AC$2)/'2019-2022'!AC$3 -> 0.51486495
A14: Cyprus | B14: 2020 | C14: Europe & Central Asia | D14: High income | E14: =('2019-2022'!E15-'2019-2022'!R$2)/'2019-2022'!R$3 -> -0.63575325 | F14: =('2019-2022'!F15-'2019-2022'!S$2)/'2019-2022'!S$3 -> -0.91104184 | G14: =('2019-2022'!G15-'2019-2022'!T$2)/'2019-2022'!T$3 -> 0.006687531 | H14: =('2019-2022'!H15-'2019-2022'!U$2)/'2019-2022'!U$3 -> -0.88389191 | I14: =('2019-2022'!I15-'2019-2022'!V$2)/'2019-2022'!V$3 -> -0.4494126 | J14: =('2019-2022'!J15-'2019-2022'!W$2)/'2019-2022'!W$3 -> -0.021888706 | K14: =('2019-2022'!K15-'2019-2022'!X$2)/'2019-2022'!X$3 -> -0.28052129 | L14: =('2019-2022'!L15-'2019-2022'!Y$2)/'2019-2022'!Y$3 -> 1.1055114 | ... P14: =('2019-2022'!P15-'2019-2022'!AC$2)/'2019-2022'!AC$3 -> 0.3222827
A15: Cyprus | B15: 2021 | C15: Europe & Central Asia | D15: High income | E15: =('2019-2022'!E16-'2019-2022'!R$2)/'2019-2022'!R$3 -> -0.80898777 | F15: =('2019-2022'!F16-'2019-2022'!S$2)/'2019-2022'!S$3 -> -1.2230953 | G15: =('2019-2022'!G16-'2019-2022'!T$2)/'2019-2022'!T$3 -> 0.11054683 | H15: =('2019-2022'!H16-'2019-2022'!U$2)/'2019-2022'!U$3 -> -1.0984602 | I15: =('2019-2022'!I16-'2019-2022'!V$2)/'2019-2022'!V$3 -> -0.59491133 | J15: =('2019-2022'!J16-'2019-2022'!W$2)/'2019-2022'!W$3 -> 0.38377277 | K15: =('2019-2022'!K16-'2019-2022'!X$2)/'2019-2022'!X$3 -> -0.61542631 | L15: =('2019-2022'!L16-'2019-2022'!Y$2)/'2019-2022'!Y$3 -> 1.4301585 | ... P15: =('2019-2022'!P16-'2019-2022'!AC$2)/'2019-2022'!AC$3 -> 0.25506734
A16: Cyprus | B16: 2022 | C16: Europe & Central Asia | D16: High income | E16: =('2019-2022'!E17-'2019-2022'!R$2)/'2019-2022'!R$3 -> -0.24935442 | F16: =('2019-2022'!F17-'2019-2022'!S$2)/'2019-2022'!S$3 -> 0.54815456 | G16: =('2019-2022'!G17-'2019-2022'!T$2)/'2019-2022'!T$3 -> 0.58082193 | H16: =('2019-2022'!H17-'2019-2022'!U$2)/'2019-2022'!U$3 -> -0.18009425 | I16: =('2019-2022'!I17-'2019-2022'!V$2)/'2019-2022'!V$3 -> -0.27929614 | J16: =('2019-2022'!J17-'2019-2022'!W$2)/'2019-2022'!W$3 -> -0.39302631 | K16: =('2019-2022'!K17-'2019-2022'!X$2)/'2019-2022'!X$3 -> -0.37883072 | L16: =('2019-2022'!L17-'2019-2022'!Y$2)/'2019-2022'!Y$3 -> 2.0684011 | ... P16: =('2019-2022'!P17-'2019-2022'!AC$2)/'2019-2022'!AC$3 -> 0.098211878
A17: Egypt | B17: 2019 | C17: Middle East & North Africa | D17: Lower-middle income | E17: =('2019-2022'!E18-'2019-2022'!R$2)/'2019-2022'!R$3 -> -0.8451192 | F17: =('2019-2022'!F18-'2019-2022'!S$2)/'2019-2022'!S$3 -> 2.7545574 | G17: =('2019-2022'!G18-'2019-2022'!T$2)/'2019-2022'!T$3 -> -0.17696691 | H17: =('2019-2022'!H18-'2019-2022'!U$2)/'2019-2022'!U$3 -> -0.5720242 | I17: =('2019-2022'!I18-'2019-2022'!V$2)/'2019-2022'!V$3 -> -0.98023124 | J17: =('2019-2022'!J18-'2019-2022'!W$2)/'2019-2022'!W$3 -> 0.60272717 | K17: =('2019-2022'!K18-'2019-2022'!X$2)/'2019-2022'!X$3 -> 2.2408228 | L17: =('2019-2022'!L18-'2019-2022'!Y$2)/'2019-2022'!Y$3 -> 0.019654573 | ... P17: =('2019-2022'!P18-'2019-2022'!AC$2)/'2019-2022'!AC$3 -> -1.8543569
A18: Egypt | B18: 2020 | C18: Middle East & North Africa | D18: Lower-middle income | E18: =('2019-2022'!E19-'2019-2022'!R$2)/'2019-2022'!R$3 -> -0.25625364 | F18: =('2019-2022'!F19-'2019-2022'!S$2)/'2019-2022'!S$3 -> 2.6576841 | G18: =('2019-2022'!G19-'2019-2022'!T$2)/'2019-2022'!T$3 -> -0.62072084 | H18: =('2019-2022'!H19-'2019-2022'!U$2)/'2019-2022'!U$3 -> 0.079131118 | I18: =('2019-2022'!I19-'2019-2022'!V$2)/'2019-2022'!V$3 -> -0.49282732 | J18: =('2019-2022'!J19-'2019-2022'!W$2)/'2019-2022'!W$3 -> -0.15749047 | K18: =('2019-2022'!K19-'2019-2022'!X$2)/'2019-2022'!X$3 -> 1.8612411 | L18: =('2019-2022'!L19-'2019-2022'!Y$2)/'2019-2022'!Y$3 -> -1.1290499 | ... P18: =('2019-2022'!P19-'2019-2022'!AC$2)/'2019-2022'!AC$3 -> -1.7629098
A19: Egypt | B19: 2021 | C19: Middle East & North Africa | D19: Lower-middle income | E19: =('2019-2022'!E20-'2019-2022'!R$2)/'2019-2022'!R$3 -> -0.47900938 | F19: =('2019-2022'!F20-'2019-2022'!S$2)/'2019-2022'!S$3 -> 2.3754849 | G19: =('2019-2022'!G20-'2019-2022'!T$2)/'2019-2022'!T$3 -> 0.035973192 | H19: =('2019-2022'!H20-'2019-2022'!U$2)/'2019-2022'!U$3 -> -0.30221308 | I19: =('2019-2022'!I20-'2019-2022'!V$2)/'2019-2022'!V$3 -> -0.5277421 | J19: =('2019-2022'!J20-'2019-2022'!W$2)/'2019-2022'!W$3 -> 0.50275292 | K19: =('2019-2022'!K20-'2019-2022'!X$2)/'2019-2022'!X$3 -> 1.8299989 | L19: =('2019-2022'!L20-'2019-2022'!Y$2)/'2019-2022'!Y$3 -> -1.40892 | ... P19: =('2019-2022'!P20-'2019-2022'!AC$2)/'2019-2022'!AC$3 -> -1.67391
... A45: Japan | B45: 2019 | C45: East Asia & Pacific | D45: High income | E45: =('2019-2022'!E46-'2019-2022'!R$2)/'2019-2022'!R$3 -> -1.0986766 | F45: =('2019-2022'!F46-'2019-2022'!S$2)/'2019-2022'!S$3 -> -0.92732772 | G45: =('2019-2022'!G46-'2019-2022'!T$2)/'2019-2022'!T$3 -> -1.0695938 | H45: =('2019-2022'!H46-'2019-2022'!U$2)/'2019-2022'!U$3 -> -1.0508137 | I45: =('2019-2022'!I46-'2019-2022'!V$2)/'2019-2022'!V$3 -> -1.0714224 | J45: =('2019-2022'!J46-'2019-2022'!W$2)/'2019-2022'!W$3 -> -3.0312946 | K45: =('2019-2022'!K46-'2019-2022'!X$2)/'2019-2022'!X$3 -> -1.243087 | L45: =('2019-2022'!L46-'2019-2022'!Y$2)/'2019-2022'!Y$3 -> -2.3318002 | ... P45: =('2019-2022'!P46-'2019-2022'!AC$2)/'2019-2022'!AC$3 -> 0.98956091
A46: Japan | B46: 2021 | C46: East Asia & Pacific | D46: High income | E46: =('2019-2022'!E48-'2019-2022'!R$2)/'2019-2022'!R$3 -> -1.0774656 | F46: =('2019-2022'!F48-'2019-2022'!S$2)/'2019-2022'!S$3 -> -1.0306645 | G46: =('2019-2022'!G48-'2019-2022'!T$2)/'2019-2022'!T$3 -> -1.5171132 | H46: =('2019-2022'!H48-'2019-2022'!U$2)/'2019-2022'!U$3 -> -1.0085133 | I46: =('2019-2022'!I48-'2019-2022'!V$2)/'2019-2022'!V$3 -> -1.0631421 | J46: =('2019-2022'!J48-'2019-2022'!W$2)/'2019-2022'!W$3 -> -3.1490584 | K46: =('2019-2022'!K48-'2019-2022'!X$2)/'2019-2022'!X$3 -> -1.2702993 | L46: =('2019-2022'!L48-'2019-2022'!Y$2)/'2019-2022'!Y$3 -> -2.1304295 | ... P46: =('2019-2022'!P48-'2019-2022'!AC$2)/'2019-2022'!AC$3 -> 0.99897501
A47: Japan | B47: 2022 | C47: East Asia & Pacific | D47: High income | E47: =('2019-2022'!E49-'2019-2022'!R$2)/'2019-2022'!R$3 -> -1.0754171 | F47: =('2019-2022'!F49-'2019-2022'!S$2)/'2019-2022'!S$3 -> -0.53496247 | G47: =('2019-2022'!G49-'2019-2022'!T$2)/'2019-2022'!T$3 -> -1.9944973 | H47: =('2019-2022'!H49-'2019-2022'!U$2)/'2019-2022'!U$3 -> -0.76199129 | I47: =('2019-2022'!I49-'2019-2022'!V$2)/'2019-2022'!V$3 -> -1.2251914 | J47: =('2019-2022'!J49-'2019-2022'!W$2)/'2019-2022'!W$3 -> -2.9691707 | K47: =('2019-2022'!K49-'2019-2022'!X$2)/'2019-2022'!X$3 -> -1.1184764 | L47: =('2019-2022'!L49-'2019-2022'!Y$2)/'2019-2022'!Y$3 -> -2.1047677 | ... P47: =('2019-2022'!P49-'2019-2022'!AC$2)/'2019-2022'!AC$3 -> 1.019533
A48: Latvia | B48: 2019 | C48: Europe & Central Asia | D48: High income | E48: =('2019-2022'!E50-'2019-2022'!R$2)/'2019-2022'!R$3 -> 0.91728697 | F48: =('2019-2022'!F50-'2019-2022'!S$2)/'2019-2022'!S$3 -> -0.463192 | G48: =('2019-2022'!G50-'2019-2022'!T$2)/'2019-2022'!T$3 -> 0.21072146 | H48: =('2019-2022'!H50-'2019-2022'!U$2)/'2019-2022'!U$3 -> 0.82160307 | I48: =('2019-2022'!I50-'2019-2022'!V$2)/'2019-2022'!V$3 -> 0.87637024 | J48: =('2019-2022'!J50-'2019-2022'!W$2)/'2019-2022'!W$3 -> -0.098872961 | K48: =('2019-2022'!K50-'2019-2022'!X$2)/'2019-2022'!X$3 -> 0.052001441 | L48: =('2019-2022'!L50-'2019-2022'!Y$2)/'2019-2022'!Y$3 -> -0.31383111 | ... P48: =('2019-2022'!P50-'2019-2022'!AC$2)/'2019-2022'!AC$3 -> 0.46517624
A49: Latvia | B49: 2020 | C49: Europe & Central Asia | D49: High income | E49: =('2019-2022'!E51-'2019-2022'!R$2)/'2019-2022'!R$3 -> 1.7112334 | F49: =('2019-2022'!F51-'2019-2022'!S$2)/'2019-2022'!S$3 -> 0.090667314 | G49: =('2019-2022'!G51-'2019-2022'!T$2)/'2019-2022'!T$3 -> 1.1169956 | H49: =('2019-2022'!H51-'2019-2022'!U$2)/'2019-2022'!U$3 -> 1.6659927 | I49: =('2019-2022'!I51-'2019-2022'!V$2)/'2019-2022'!V$3 -> 1.6187192 | J49: =('2019-2022'!J51-'2019-2022'!W$2)/'2019-2022'!W$3 -> -0.21224817 | K49: =('2019-2022'!K51-'2019-2022'!X$2)/'2019-2022'!X$3 -> -0.28139221 | L49: =('2019-2022'!L51-'2019-2022'!Y$2)/'2019-2022'!Y$3 -> -1.0024277 | ... P49: =('2019-2022'!P51-'2019-2022'!AC$2)/'2019-2022'!AC$3 -> 0.43473712
A50: Latvia | B50: 2021 | C50: Europe & Central Asia | D50: High income | E50: =('2019-2022'!E52-'2019-2022'!R$2)/'2019-2022'!R$3 -> 0.98755173 | F50: =('2019-2022'!F52-'2019-2022'!S$2)/'2019-2022'!S$3 -> 0.17702793 | G50: =('2019-2022'!G52-'2019-2022'!T$2)/'2019-2022'!T$3 -> -0.37769092 | H50: =('2019-2022'!H52-'2019-2022'!U$2)/'2019-2022'!U$3 -> 1.67613 | I50: =('2019-2022'!I52-'2019-2022'!V$2)/'2019-2022'!V$3 -> 0.59681447 | J50: =('2019-2022'!J52-'2019-2022'!W$2)/'2019-2022'!W$3 -> -0.34744166 | K50: =('2019-2022'!K52-'2019-2022'!X$2)/'2019-2022'!X$3 -> -0.16005834 | L50: =('2019-2022'!L52-'2019-2022'!Y$2)/'2019-2022'!Y$3 -> -0.7099029 | ... P50: =('2019-2022'!P52-'2019-2022'!AC$2)/'2019-2022'!AC$3 -> 0.6008718
A51: Latvia | B51: 2022 | C51: Europe & Central Asia | D51: High income | E51: =('2019-2022'!E53-'2019-2022'!R$2)/'2019-2022'!R$3 -> 0.87711193 | F51: =('2019-2022'!F53-'2019-2022'!S$2)/'2019-2022'!S$3 -> -0.61015453 | G51: =('2019-2022'!G53-'2019-2022'!T$2)/'2019-2022'!T$3 -> 0.26197653 | H51: =('2019-2022'!H53-'2019-2022'!U$2)/'2019-2022'!U$3 -> 0.48948443 | I51: =('2019-2022'!I53-'2019-2022'!V$2)/'2019-2022'!V$3 -> 0.98829681 | J51: =('2019-2022'!J53-'2019-2022'!W$2)/'2019-2022'!W$3 -> -0.30990978 | K51: =('2019-2022'!K53-'2019-2022'!X$2)/'2019-2022'!X$3 -> -0.22835961 | L51: =('2019-2022'!L53-'2019-2022'!Y$2)/'2019-2022'!Y$3 -> -0.91969789 | ... P51: =('2019-2022'!P53-'2019-2022'!AC$2)/'2019-2022'!AC$3 -> 0.40542156
A52: Morocco | B52: 2019 | C52: Middle East & North Africa | D52: Lower-middle income | E52: =('2019-2022'!E54-'2019-2022'!R$2)/'2019-2022'!R$3 -> -0.42941515 | F52: =('2019-2022'!F54-'2019-2022'!S$2)/'2019-2022'!S$3 -> 0.030069568 | G52: =('2019-2022'!G54-'2019-2022'!T$2)/'2019-2022'!T$3 -> 0.71993042 | H52: =('2019-2022'!H54-'2019-2022'!U$2)/'2019-2022'!U$3 -> -0.75398521 | I52: =('2019-2022'!I54-'2019-2022'!V$2)/'2019-2022'!V$3 -> 0.010358618 | J52: =('2019-2022'!J54-'2019-2022'!W$2)/'2019-2022'!W$3 -> 0.26925052 | K52: =('2019-2022'!K54-'2019-2022'!X$2)/'2019-2022'!X$3 -> 0.89542327 | L52: =('2019-2022'!L54-'2019-2022'!Y$2)/'2019-2022'!Y$3 -> -0.034788623 | ... P52: =('2019-2022'!P54-'2019-2022'!AC$2)/'2019-2022'!AC$3 -> -0.86168017
A53: Morocco | B53: 2020 | C53: Middle East & North Africa | D53: Lower-middle income | E53: =('2019-2022'!E55-'2019-2022'!R$2)/'2019-2022'!R$3 -> -0.76999988 | F53: =('2019-2022'!F55-'2019-2022'!S$2)/'2019-2022'!S$3 -> 0.74625862 | G53: =('2019-2022'!G55-'2019-2022'!T$2)/'2019-2022'!T$3 -> 1.6175146 | H53: =('2019-2022'!H55-'2019-2022'!U$2)/'2019-2022'!U$3 -> -0.90312792 | I53: =('2019-2022'!I55-'2019-2022'!V$2)/'2019-2022'!V$3 -> -0.50316314 | J53: =('2019-2022'!J55-'2019-2022'!W$2)/'2019-2022'!W$3 -> 0.33836739 | K53: =('2019-2022'!K55-'2019-2022'!X$2)/'2019-2022'!X$3 -> 1.3068365 | L53: =('2019-2022'!L55-'2019-2022'!Y$2)/'2019-2022'!Y$3 -> -0.63225835 | ... P53: =('2019-2022'!P55-'2019-2022'!AC$2)/'2019-2022'!AC$3 -> -0.8105145
A54: Morocco | B54: 2021 | C54: Middle East & North Africa | D54: Lower-middle income | E54: =('2019-2022'!E56-'2019-2022'!R$2)/'2019-2022'!R$3 -> -1.0488274 | F54: =('2019-2022'!F56-'2019-2022'!S$2)/'2019-2022'!S$3 -> 1.1575809 | G54: =('2019-2022'!G56-'2019-2022'!T$2)/'2019-2022'!T$3 -> 0.18332518 | H54: =('2019-2022'!H56-'2019-2022'!U$2)/'2019-2022'!U$3 -> -0.91869633 | I54: =('2019-2022'!I56-'2019-2022'!V$2)/'2019-2022'!V$3 -> -1.0300884 | J54: =('2019-2022'!J56-'2019-2022'!W$2)/'2019-2022'!W$3 -> 0.20837457 | K54: =('2019-2022'!K56-'2019-2022'!X$2)/'2019-2022'!X$3 -> 0.90429134 | L54: =('2019-2022'!L56-'2019-2022'!Y$2)/'2019-2022'!Y$3 -> -0.51909467 | ... P54: =('2019-2022'!P56-'2019-2022'!AC$2)/'2019-2022'!AC$3 -> -1.0008
A55: Morocco | B55: 2022 | C55: Middle East & North Africa | D55: Lower-middle income | E55: =('2019-2022'!E57-'2019-2022'!R$2)/'2019-2022'!R$3 -> -1.1929704 | F55: =('2019-2022'!F57-'2019-2022'!S$2)/'2019-2022'!S$3 -> 1.2411645 | G55: =('2019-2022'!G57-'2019-2022'!T$2)/'2019-2022'!T$3 -> 1.3948453 | H55: =('2019-2022'!H57-'2019-2022'!U$2)/'2019-2022'!U$3 -> -1.1043264 | I55: =('2019-2022'!I57-'2019-2022'!V$2)/'2019-2022'!V$3 -> -1.1255813 | J55: =('2019-2022'!J57-'2019-2022'!W$2)/'2019-2022'!W$3 -> 0.33477899 | K55: =('2019-2022'!K57-'2019-2022'!X$2)/'2019-2022'!X$3 -> 0.57954922 | L55: =('2019-2022'!L57-'2019-2022'!Y$2)/'2019-2022'!Y$3 -> -0.0065605786 | ... P55: =('2019-2022'!P57-'2019-2022'!AC$2)/'2019-2022'!AC$3 -> -1.0090511
A56: Oman | B56: 2019 | C56: Middle East & North Africa | D56: High income | E56: =('2019-2022'!E58-'2019-2022'!R$2)/'2019-2022'!R$3 -> -0.86728232 | F56: =('2019-2022'!F58-'2019-2022'!S$2)/'2019-2022'!S$3 -> 1.3600298 | G56: =('2019-2022'!G58-'2019-2022'!T$2)/'2019-2022'!T$3 -> 1.0213271 | H56: =('2019-2022'!H58-'2019-2022'!U$2)/'2019-2022'!U$3 -> -0.66431208 | I56: =('2019-2022'!I58-'2019-2022'!V$2)/'2019-2022'!V$3 -> -0.95129956 | J56: =('2019-2022'!J58-'2019-2022'!W$2)/'2019-2022'!W$3 -> -0.14355784 | K56: =('2019-2022'!K58-'2019-2022'!X$2)/'2019-2022'!X$3 -> 2.2933761 | L56: =('2019-2022'!L58-'2019-2022'!Y$2)/'2019-2022'!Y$3 -> 1.3066865 | ... P56: =('2019-2022'!P58-'2019-2022'!AC$2)/'2019-2022'!AC$3 -> -0.21737986
A57: Oman | B57: 2020 | C57: Middle East & North Africa | D57: High income | E57: =('2019-2022'!E59-'2019-2022'!R$2)/'2019-2022'!R$3 -> 0.48974665 | F57: =('2019-2022'!F59-'2019-2022'!S$2)/'2019-2022'!S$3 -> 1.5132183 | G57: =('2019-2022'!G59-'2019-2022'!T$2)/'2019-2022'!T$3 -> 0.88884659 | H57: =('2019-2022'!H59-'2019-2022'!U$2)/'2019-2022'!U$3 -> 0.71364537 | I57: =('2019-2022'!I59-'2019-2022'!V$2)/'2019-2022'!V$3 -> 0.33019035 | J57: =('2019-2022'!J59-'2019-2022'!W$2)/'2019-2022'!W$3 -> 0.41210129 | K57: =('2019-2022'!K59-'2019-2022'!X$2)/'2019-2022'!X$3 -> 2.0955619 | L57: =('2019-2022'!L59-'2019-2022'!Y$2)/'2019-2022'!Y$3 -> 2.1911183 | ... P57: =('2019-2022'!P59-'2019-2022'!AC$2)/'2019-2022'!AC$3 -> -0.25694168
... A84: South Africa | B84: 2019 | C84: Sub-Saharan Africa | D84: Upper-middle income | E84: =('2019-2022'!E86-'2019-2022'!R$2)/'2019-2022'!R$3 -> -0.45136251 | F84: =('2019-2022'!F86-'2019-2022'!S$2)/'2019-2022'!S$3 -> 0.11233043 | G84: =('2019-2022'!G86-'2019-2022'!T$2)/'2019-2022'!T$3 -> 0.60143989 | H84: =('2019-2022'!H86-'2019-2022'!U$2)/'2019-2022'!U$3 -> -0.51293479 | I84: =('2019-2022'!I86-'2019-2022'!V$2)/'2019-2022'!V$3 -> -0.38215116 | J84: =('2019-2022'!J86-'2019-2022'!W$2)/'2019-2022'!W$3 -> 0.13183791 | K84: =('2019-2022'!K86-'2019-2022'!X$2)/'2019-2022'!X$3 -> -0.70453444 | L84: =('2019-2022'!L86-'2019-2022'!Y$2)/'2019-2022'!Y$3 -> -1.5755264 | ... P84: =('2019-2022'!P86-'2019-2022'!AC$2)/'2019-2022'!AC$3 -> -0.73712587
A85: South Africa | B85: 2021 | C85: Sub-Saharan Africa | D85: Upper-middle income | E85: =('2019-2022'!E88-'2019-2022'!R$2)/'2019-2022'!R$3 -> 0.6220596 | F85: =('2019-2022'!F88-'2019-2022'!S$2)/'2019-2022'!S$3 -> 1.3331701 | G85: =('2019-2022'!G88-'2019-2022'!T$2)/'2019-2022'!T$3 -> 0.58397246 | H85: =('2019-2022'!H88-'2019-2022'!U$2)/'2019-2022'!U$3 -> 0.87586016 | I85: =('2019-2022'!I88-'2019-2022'!V$2)/'2019-2022'!V$3 -> 0.43702978 | J85: =('2019-2022'!J88-'2019-2022'!W$2)/'2019-2022'!W$3 -> 0.7689127 | K85: =('2019-2022'!K88-'2019-2022'!X$2)/'2019-2022'!X$3 -> 0.16176026 | L85: =('2019-2022'!L88-'2019-2022'!Y$2)/'2019-2022'!Y$3 -> -0.94810685 | ... P85: =('2019-2022'!P88-'2019-2022'!AC$2)/'2019-2022'!AC$3 -> -0.87454355
A86: South Africa | B86: 2022 | C86: Sub-Saharan Africa | D86: Upper-middle income | E86: =('2019-2022'!E89-'2019-2022'!R$2)/'2019-2022'!R$3 -> -0.65357898 | F86: =('2019-2022'!F89-'2019-2022'!S$2)/'2019-2022'!S$3 -> 0.80753252 | G86: =('2019-2022'!G89-'2019-2022'!T$2)/'2019-2022'!T$3 -> 0.55213089 | H86: =('2019-2022'!H89-'2019-2022'!U$2)/'2019-2022'!U$3 -> -0.56670733 | I86: =('2019-2022'!I89-'2019-2022'!V$2)/'2019-2022'!V$3 -> -0.65671853 | J86: =('2019-2022'!J89-'2019-2022'!W$2)/'2019-2022'!W$3 -> 0.36218565 | K86: =('2019-2022'!K89-'2019-2022'!X$2)/'2019-2022'!X$3 -> -1.0681866 | L86: =('2019-2022'!L89-'2019-2022'!Y$2)/'2019-2022'!Y$3 -> -1.2209268 | ... P86: =('2019-2022'!P89-'2019-2022'!AC$2)/'2019-2022'!AC$3 -> -0.98337437
A87: South Korea | B87: 2019 | C87: East Asia & Pacific | D87: High income | E87: =('2019-2022'!E90-'2019-2022'!R$2)/'2019-2022'!R$3 -> -0.61214472 | F87: =('2019-2022'!F90-'2019-2022'!S$2)/'2019-2022'!S$3 -> -1.721471 | G87: =('2019-2022'!G90-'2019-2022'!T$2)/'2019-2022'!T$3 -> -1.9766661 | H87: =('2019-2022'!H90-'2019-2022'!U$2)/'2019-2022'!U$3 -> -1.0312356 | I87: =('2019-2022'!I90-'2019-2022'!V$2)/'2019-2022'!V$3 -> -0.27212782 | J87: =('2019-2022'!J90-'2019-2022'!W$2)/'2019-2022'!W$3 -> -0.45842078 | K87: =('2019-2022'!K90-'2019-2022'!X$2)/'2019-2022'!X$3 -> 0.36595845 | L87: =('2019-2022'!L90-'2019-2022'!Y$2)/'2019-2022'!Y$3 -> -0.98099044 | ... P87: =('2019-2022'!P90-'2019-2022'!AC$2)/'2019-2022'!AC$3 -> 0.34144989
A88: South Korea | B88: 2020 | C88: East Asia & Pacific | D88: High income | E88: =('2019-2022'!E91-'2019-2022'!R$2)/'2019-2022'!R$3 -> -0.53013164 | F88: =('2019-2022'!F91-'2019-2022'!S$2)/'2019-2022'!S$3 -> -1.2612712 | G88: =('2019-2022'!G91-'2019-2022'!T$2)/'2019-2022'!T$3 -> -1.820465 | H88: =('2019-2022'!H91-'2019-2022'!U$2)/'2019-2022'!U$3 -> -0.67308574 | I88: =('2019-2022'!I91-'2019-2022'!V$2)/'2019-2022'!V$3 -> -0.39647565 | J88: =('2019-2022'!J91-'2019-2022'!W$2)/'2019-2022'!W$3 -> -0.36901931 | K88: =('2019-2022'!K91-'2019-2022'!X$2)/'2019-2022'!X$3 -> 0.45165737 | L88: =('2019-2022'!L91-'2019-2022'!Y$2)/'2019-2022'!Y$3 -> -0.79140094 | ... P88: =('2019-2022'!P91-'2019-2022'!AC$2)/'2019-2022'!AC$3 -> 0.33642479
A89: South Korea | B89: 2021 | C89: East Asia & Pacific | D89: High income | E89: =('2019-2022'!E92-'2019-2022'!R$2)/'2019-2022'!R$3 -> -0.45552242 | F89: =('2019-2022'!F92-'2019-2022'!S$2)/'2019-2022'!S$3 -> -1.1717801 | G89: =('2019-2022'!G92-'2019-2022'!T$2)/'2019-2022'!T$3 -> -1.8452653 | H89: =('2019-2022'!H92-'2019-2022'!U$2)/'2019-2022'!U$3 -> -0.52526068 | I89: =('2019-2022'!I92-'2019-2022'!V$2)/'2019-2022'!V$3 -> -0.3848402 | J89: =('2019-2022'!J92-'2019-2022'!W$2)/'2019-2022'!W$3 -> -0.30500604 | K89: =('2019-2022'!K92-'2019-2022'!X$2)/'2019-2022'!X$3 -> 0.5048687 | L89: =('2019-2022'!L92-'2019-2022'!Y$2)/'2019-2022'!Y$3 -> -0.75538634 | ... P89: =('2019-2022'!P92-'2019-2022'!AC$2)/'2019-2022'!AC$3 -> 0.44476923
A90: South Korea | B90: 2022 | C90: East Asia & Pacific | D90: High income | E90: =('2019-2022'!E93-'2019-2022'!R$2)/'2019-2022'!R$3 -> -0.47205214 | F90: =('2019-2022'!F93-'2019-2022'!S$2)/'2019-2022'!S$3 -> -0.91479614 | G90: =('2019-2022'!G93-'2019-2022'!T$2)/'2019-2022'!T$3 -> -1.7292538 | H90: =('2019-2022'!H93-'2019-2022'!U$2)/'2019-2022'!U$3 -> -0.38130927 | I90: =('2019-2022'!I93-'2019-2022'!V$2)/'2019-2022'!V$3 -> -0.50921077 | J90: =('2019-2022'!J93-'2019-2022'!W$2)/'2019-2022'!W$3 -> -0.24631009 | K90: =('2019-2022'!K93-'2019-2022'!X$2)/'2019-2022'!X$3 -> 0.44250491 | L90: =('2019-2022'!L93-'2019-2022'!Y$2)/'2019-2022'!Y$3 -> -0.82353511 | ... P90: =('2019-2022'!P93-'2019-2022'!AC$2)/'2019-2022'!AC$3 -> 0.48458343
A91: Spain | B91: 2019 | C91: Europe & Central Asia | D91: High income | E91: =('2019-2022'!E94-'2019-2022'!R$2)/'2019-2022'!R$3 -> -0.93202483 | F91: =('2019-2022'!F94-'2019-2022'!S$2)/'2019-2022'!S$3 -> -1.0057704 | G91: =('2019-2022'!G94-'2019-2022'!T$2)/'2019-2022'!T$3 -> -0.88537514 | H91: =('2019-2022'!H94-'2019-2022'!U$2)/'2019-2022'!U$3 -> -0.94266564 | I91: =('2019-2022'!I94-'2019-2022'!V$2)/'2019-2022'!V$3 -> -0.89643272 | J91: =('2019-2022'!J94-'2019-2022'!W$2)/'2019-2022'!W$3 -> -0.51870677 | K91: =('2019-2022'!K94-'2019-2022'!X$2)/'2019-2022'!X$3 -> -1.193313 | L91: =('2019-2022'!L94-'2019-2022'!Y$2)/'2019-2022'!Y$3 -> -0.64526704 | ... P91: =('2019-2022'!P94-'2019-2022'!AC$2)/'2019-2022'!AC$3 -> 0.38583462
A92: Spain | B92: 2020 | C92: Europe & Central Asia | D92: High income | E92: =('2019-2022'!E95-'2019-2022'!R$2)/'2019-2022'!R$3 -> -1.2413805 | F92: =('2019-2022'!F95-'2019-2022'!S$2)/'2019-2022'!S$3 -> -0.87995304 | G92: =('2019-2022'!G95-'2019-2022'!T$2)/'2019-2022'!T$3 -> -1.8480542 | H92: =('2019-2022'!H95-'2019-2022'!U$2)/'2019-2022'!U$3 -> -0.99875534 | I92: =('2019-2022'!I95-'2019-2022'!V$2)/'2019-2022'!V$3 -> -1.3392389 | J92: =('2019-2022'!J95-'2019-2022'!W$2)/'2019-2022'!W$3 -> -0.44687988 | K92: =('2019-2022'!K95-'2019-2022'!X$2)/'2019-2022'!X$3 -> -1.2605507 | L92: =('2019-2022'!L95-'2019-2022'!Y$2)/'2019-2022'!Y$3 -> -0.96521274 | ... P92: =('2019-2022'!P95-'2019-2022'!AC$2)/'2019-2022'!AC$3 -> 0.23957366
A93: Spain | B93: 2021 | C93: Europe & Central Asia | D93: High income | E93: =('2019-2022'!E96-'2019-2022'!R$2)/'2019-2022'!R$3 -> -1.1712565 | F93: =('2019-2022'!F96-'2019-2022'!S$2)/'2019-2022'!S$3 -> -1.4054157 | G93: =('2019-2022'!G96-'2019-2022'!T$2)/'2019-2022'!T$3 -> -1.2481038 | H93: =('2019-2022'!H96-'2019-2022'!U$2)/'2019-2022'!U$3 -> -1.2009243 | I93: =('2019-2022'!I96-'2019-2022'!V$2)/'2019-2022'!V$3 -> -1.1057513 | J93: =('2019-2022'!J96-'2019-2022'!W$2)/'2019-2022'!W$3 -> -0.59149109 | K93: =('2019-2022'!K96-'2019-2022'!X$2)/'2019-2022'!X$3 -> -1.1349986 | L93: =('2019-2022'!L96-'2019-2022'!Y$2)/'2019-2022'!Y$3 -> -0.91431802 | ... P93: =('2019-2022'!P96-'2019-2022'!AC$2)/'2019-2022'!AC$3 -> 0.35389705
A94: Spain | B94: 2022 | C94: Europe & Central Asia | D94: High income | E94: =('2019-2022'!E97-'2019-2022'!R$2)/'2019-2022'!R$3 -> -1.0919417 | F94: =('2019-2022'!F97-'2019-2022'!S$2)/'2019-2022'!S$3 -> -1.3488563 | G94: =('2019-2022'!G97-'2019-2022'!T$2)/'2019-2022'!T$3 -> -1.2071519 | H94: =('2019-2022'!H97-'2019-2022'!U$2)/'2019-2022'!U$3 -> -1.1479455 | I94: =('2019-2022'!I97-'2019-2022'!V$2)/'2019-2022'!V$3 -> -1.0092354 | J94: =('2019-2022'!J97-'2019-2022'!W$2)/'2019-2022'!W$3 -> -0.81200455 | K94: =('2019-2022'!K97-'2019-2022'!X$2)/'2019-2022'!X$3 -> -1.1116842 | L94: =('2019-2022'!L97-'2019-2022'!Y$2)/'2019-2022'!Y$3 -> -0.6998818 | ... P94: =('2019-2022'!P97-'2019-2022'!AC$2)/'2019-2022'!AC$3 -> 0.24068199
A95: Switzerland | B95: 2019 | C95: Europe & Central Asia | D95: High income | E95: =('2019-2022'!E98-'2019-2022'!R$2)/'2019-2022'!R$3 -> -0.39825608 | F95: =('2019-2022'!F98-'2019-2022'!S$2)/'2019-2022'!S$3 -> -0.037503997 | G95: =('2019-2022'!G98-'2019-2022'!T$2)/'2019-2022'!T$3 -> -1.0468887 | H95: =('2019-2022'!H98-'2019-2022'!U$2)/'2019-2022'!U$3 -> -0.037634924 | I95: =('2019-2022'!I98-'2019-2022'!V$2)/'2019-2022'!V$3 -> -0.59943647 | J95: =('2019-2022'!J98-'2019-2022'!W$2)/'2019-2022'!W$3 -> -0.63277439 | K95: =('2019-2022'!K98-'2019-2022'!X$2)/'2019-2022'!X$3 -> -0.7552811 | L95: =('2019-2022'!L98-'2019-2022'!Y$2)/'2019-2022'!Y$3 -> 0.20429712 | ... P95: =('2019-2022'!P98-'2019-2022'!AC$2)/'2019-2022'!AC$3 -> 1.5041807
A96: Switzerland | B96: 2020 | C96: Europe & Central Asia | D96: High income | E96: =('2019-2022'!E99-'2019-2022'!R$2)/'2019-2022'!R$3 -> -0.92838023 | F96: =('2019-2022'!F99-'2019-2022'!S$2)/'2019-2022'!S$3 -> -1.0906039 | G96: =('2019-2022'!G99-'2019-2022'!T$2)/'2019-2022'!T$3 -> -1.7258585 | H96: =('2019-2022'!H99-'2019-2022'!U$2)/'2019-2022'!U$3 -> -0.81041991 | I96: =('2019-2022'!I99-'2019-2022'!V$2)/'2019-2022'!V$3 -> -0.96929645 | J96: =('2019-2022'!J99-'2019-2022'!W$2)/'2019-2022'!W$3 -> -0.94811282 | K96: =('2019-2022'!K99-'2019-2022'!X$2)/'2019-2022'!X$3 -> -1.0654123 | L96: =('2019-2022'!L99-'2019-2022'!Y$2)/'2019-2022'!Y$3 -> -0.47784165 | ... P96: =('2019-2022'!P99-'2019-2022'!AC$2)/'2019-2022'!AC$3 -> 1.335654
... A100: Taiwan | B100: 2020 | C100: East Asia & Pacific | D100: High income | E100: =('2019-2022'!E103-'2019-2022'!R$2)/'2019-2022'!R$3 -> -0.69004819 | F100: =('2019-2022'!F103-'2019-2022'!S$2)/'2019-2022'!S$3 -> -0.84686923 | G100: =('2019-2022'!G103-'2019-2022'!T$2)/'2019-2022'!T$3 -> -0.91942744 | H100: =('2019-2022'!H103-'2019-2022'!U$2)/'2019-2022'!U$3 -> -0.75639322 | I100: =('2019-2022'!I103-'2019-2022'!V$2)/'2019-2022'!V$3 -> -0.61043161 | J100: =('2019-2022'!J103-'2019-2022'!W$2)/'2019-2022'!W$3 -> -0.92875017 | K100: =('2019-2022'!K103-'2019-2022'!X$2)/'2019-2022'!X$3 -> -0.6110455 | L100: =('2019-2022'!L103-'2019-2022'!Y$2)/'2019-2022'!Y$3 -> -1.3030989 | ... P100: =('2019-2022'!P103-'2019-2022'!AC$2)/'2019-2022'!AC$3 -> 0.82858893
A101: Taiwan | B101: 2022 | C101: East Asia & Pacific | D101: High income | E101: =('2019-2022'!E105-'2019-2022'!R$2)/'2019-2022'!R$3 -> -0.88579558 | F101: =('2019-2022'!F105-'2019-2022'!S$2)/'2019-2022'!S$3 -> -0.91189622 | G101: =('2019-2022'!G105-'2019-2022'!T$2)/'2019-2022'!T$3 -> 0.19044374 | H101: =('2019-2022'!H105-'2019-2022'!U$2)/'2019-2022'!U$3 -> -1.021291 | I101: =('2019-2022'!I105-'2019-2022'!V$2)/'2019-2022'!V$3 -> -0.77538227 | J101: =('2019-2022'!J105-'2019-2022'!W$2)/'2019-2022'!W$3 -> -1.260907 | K101: =('2019-2022'!K105-'2019-2022'!X$2)/'2019-2022'!X$3 -> -0.64522429 | L101: =('2019-2022'!L105-'2019-2022'!Y$2)/'2019-2022'!Y$3 -> -1.5296998 | ... P101: =('2019-2022'!P105-'2019-2022'!AC$2)/'2019-2022'!AC$3 -> 0.86684064
A102: United Arab Emirates | B102: 2019 | C102: Middle East & North Africa | D102: High income | E102: =('2019-2022'!E106-'2019-2022'!R$2)/'2019-2022'!R$3 -> 0.10804698 | F102: =('2019-2022'!F106-'2019-2022'!S$2)/'2019-2022'!S$3 -> -0.77268952 | G102: =('2019-2022'!G106-'2019-2022'!T$2)/'2019-2022'!T$3 -> 1.1694378 | H102: =('2019-2022'!H106-'2019-2022'!U$2)/'2019-2022'!U$3 -> -0.0074713948 | I102: =('2019-2022'!I106-'2019-2022'!V$2)/'2019-2022'!V$3 -> 0.066084715 | J102: =('2019-2022'!J106-'2019-2022'!W$2)/'2019-2022'!W$3 -> 0.25504879 | K102: =('2019-2022'!K106-'2019-2022'!X$2)/'2019-2022'!X$3 -> 1.2469538 | L102: =('2019-2022'!L106-'2019-2022'!Y$2)/'2019-2022'!Y$3 -> 0.66332564 | ... P102: =('2019-2022'!P106-'2019-2022'!AC$2)/'2019-2022'!AC$3 -> 0.6592262
A103: United Arab Emirates | B103: 2020 | C103: Middle East & North Africa | D103: High income | E103: =('2019-2022'!E107-'2019-2022'!R$2)/'2019-2022'!R$3 -> 0.51600761 | F103: =('2019-2022'!F107-'2019-2022'!S$2)/'2019-2022'!S$3 -> 0.098219459 | G103: =('2019-2022'!G107-'2019-2022'!T$2)/'2019-2022'!T$3 -> 2.2763485 | H103: =('2019-2022'!H107-'2019-2022'!U$2)/'2019-2022'!U$3 -> 0.7574741 | I103: =('2019-2022'!I107-'2019-2022'!V$2)/'2019-2022'!V$3 -> 0.3462077 | J103: =('2019-2022'!J107-'2019-2022'!W$2)/'2019-2022'!W$3 -> -0.25380705 | K103: =('2019-2022'!K107-'2019-2022'!X$2)/'2019-2022'!X$3 -> 0.56924724 | L103: =('2019-2022'!L107-'2019-2022'!Y$2)/'2019-2022'!Y$3 -> 0.9284291 | ... P103: =('2019-2022'!P107-'2019-2022'!AC$2)/'2019-2022'!AC$3 -> 0.55126644
A104: United Arab Emirates | B104: 2021 | C104: Middle East & North Africa | D104: High income | E104: =('2019-2022'!E108-'2019-2022'!R$2)/'2019-2022'!R$3 -> 0.22587401 | F104: =('2019-2022'!F108-'2019-2022'!S$2)/'2019-2022'!S$3 -> -0.18072172 | G104: =('2019-2022'!G108-'2019-2022'!T$2)/'2019-2022'!T$3 -> 1.0092944 | H104: =('2019-2022'!H108-'2019-2022'!U$2)/'2019-2022'!U$3 -> 0.63011069 | I104: =('2019-2022'!I108-'2019-2022'!V$2)/'2019-2022'!V$3 -> 0.014679404 | J104: =('2019-2022'!J108-'2019-2022'!W$2)/'2019-2022'!W$3 -> 0.45686742 | K104: =('2019-2022'!K108-'2019-2022'!X$2)/'2019-2022'!X$3 -> 0.97088873 | L104: =('2019-2022'!L108-'2019-2022'!Y$2)/'2019-2022'!Y$3 -> 0.19420344 | ... P104: =('2019-2022'!P108-'2019-2022'!AC$2)/'2019-2022'!AC$3 -> 0.54448686
A105: United Arab Emirates | B105: 2022 | C105: Middle East & North Africa | D105: High income | E105: =('2019-2022'!E109-'2019-2022'!R$2)/'2019-2022'!R$3 -> 1.3459261 | F105: =('2019-2022'!F109-'2019-2022'!S$2)/'2019-2022'!S$3 -> -0.59145382 | G105: =('2019-2022'!G109-'2019-2022'!T$2)/'2019-2022'!T$3 -> 1.3149359 | H105: =('2019-2022'!H109-'2019-2022'!U$2)/'2019-2022'!U$3 -> 1.157457 | I105: =('2019-2022'!I109-'2019-2022'!V$2)/'2019-2022'!V$3 -> 1.2832084 | J105: =('2019-2022'!J109-'2019-2022'!W$2)/'2019-2022'!W$3 -> 0.90333788 | K105: =('2019-2022'!K109-'2019-2022'!X$2)/'2019-2022'!X$3 -> 1.7993262 | L105: =('2019-2022'!L109-'2019-2022'!Y$2)/'2019-2022'!Y$3 -> 0.5635352 | ... P105: =('2019-2022'!P109-'2019-2022'!AC$2)/'2019-2022'!AC$3 -> 0.53943062
A106: United Kingdom | B106: 2019 | C106: Europe & Central Asia | D106: High income | E106: =('2019-2022'!E110-'2019-2022'!R$2)/'2019-2022'!R$3 -> -0.45520319 | F106: =('2019-2022'!F110-'2019-2022'!S$2)/'2019-2022'!S$3 -> 0.42076963 | G106: =('2019-2022'!G110-'2019-2022'!T$2)/'2019-2022'!T$3 -> -1.0338848 | H106: =('2019-2022'!H110-'2019-2022'!U$2)/'2019-2022'!U$3 -> -0.032010389 | I106: =('2019-2022'!I110-'2019-2022'!V$2)/'2019-2022'!V$3 -> -0.69984079 | J106: =('2019-2022'!J110-'2019-2022'!W$2)/'2019-2022'!W$3 -> -0.22114782 | K106: =('2019-2022'!K110-'2019-2022'!X$2)/'2019-2022'!X$3 -> -1.0788429 | L106: =('2019-2022'!L110-'2019-2022'!Y$2)/'2019-2022'!Y$3 -> -0.17431911 | ... P106: =('2019-2022'!P110-'2019-2022'!AC$2)/'2019-2022'!AC$3 -> 1.4312581
A107: United Kingdom | B107: 2020 | C107: Europe & Central Asia | D107: High income | E107: =('2019-2022'!E111-'2019-2022'!R$2)/'2019-2022'!R$3 -> -0.37480239 | F107: =('2019-2022'!F111-'2019-2022'!S$2)/'2019-2022'!S$3 -> 0.26656319 | G107: =('2019-2022'!G111-'2019-2022'!T$2)/'2019-2022'!T$3 -> 0.42607158 | H107: =('2019-2022'!H111-'2019-2022'!U$2)/'2019-2022'!U$3 -> -0.33935423 | I107: =('2019-2022'!I111-'2019-2022'!V$2)/'2019-2022'!V$3 -> -0.37948514 | J107: =('2019-2022'!J111-'2019-2022'!W$2)/'2019-2022'!W$3 -> -0.267111 | K107: =('2019-2022'!K111-'2019-2022'!X$2)/'2019-2022'!X$3 -> -1.0470037 | L107: =('2019-2022'!L111-'2019-2022'!Y$2)/'2019-2022'!Y$3 -> -0.12590822 | ... P107: =('2019-2022'!P111-'2019-2022'!AC$2)/'2019-2022'!AC$3 -> 1.2787922
A108: United Kingdom | B108: 2021 | C108: Europe & Central Asia | D108: High income | E108: =('2019-2022'!E112-'2019-2022'!R$2)/'2019-2022'!R$3 -> 0.21483789 | F108: =('2019-2022'!F112-'2019-2022'!S$2)/'2019-2022'!S$3 -> 0.48574194 | G108: =('2019-2022'!G112-'2019-2022'!T$2)/'2019-2022'!T$3 -> -0.62140402 | H108: =('2019-2022'!H112-'2019-2022'!U$2)/'2019-2022'!U$3 -> 0.57725486 | I108: =('2019-2022'!I112-'2019-2022'!V$2)/'2019-2022'!V$3 -> -0.019820003 | J108: =('2019-2022'!J112-'2019-2022'!W$2)/'2019-2022'!W$3 -> -0.50268899 | K108: =('2019-2022'!K112-'2019-2022'!X$2)/'2019-2022'!X$3 -> -0.93890942 | L108: =('2019-2022'!L112-'2019-2022'!Y$2)/'2019-2022'!Y$3 -> -0.12710432 | ... P108: =('2019-2022'!P112-'2019-2022'!AC$2)/'2019-2022'!AC$3 -> 1.2779684
A109: United Kingdom | B109: 2022 | C109: Europe & Central Asia | D109: High income | E109: =('2019-2022'!E113-'2019-2022'!R$2)/'2019-2022'!R$3 -> 0.1959482 | F109: =('2019-2022'!F113-'2019-2022'!S$2)/'2019-2022'!S$3 -> 0.05319429 | G109: =('2019-2022'!G113-'2019-2022'!T$2)/'2019-2022'!T$3 -> -0.47746645 | H109: =('2019-2022'!H113-'2019-2022'!U$2)/'2019-2022'!U$3 -> 0.30305035 | I109: =('2019-2022'!I113-'2019-2022'!V$2)/'2019-2022'!V$3 -> 0.12117255 | J109: =('2019-2022'!J113-'2019-2022'!W$2)/'2019-2022'!W$3 -> -0.33667979 | K109: =('2019-2022'!K113-'2019-2022'!X$2)/'2019-2022'!X$3 -> -0.88317802 | L109: =('2019-2022'!L113-'2019-2022'!Y$2)/'2019-2022'!Y$3 -> -0.2756278 | ... P109: =('2019-2022'!P113-'2019-2022'!AC$2)/'2019-2022'!AC$3 -> 1.343828
A110: United States | B110: 2019 | C110: North America | D110: High income | E110: =('2019-2022'!E114-'2019-2022'!R$2)/'2019-2022'!R$3 -> 0.65426631 | F110: =('2019-2022'!F114-'2019-2022'!S$2)/'2019-2022'!S$3 -> -0.2060407 | G110: =('2019-2022'!G114-'2019-2022'!T$2)/'2019-2022'!T$3 -> -0.69960956 | H110: =('2019-2022'!H114-'2019-2022'!U$2)/'2019-2022'!U$3 -> 0.42886561 | I110: =('2019-2022'!I114-'2019-2022'!V$2)/'2019-2022'!V$3 -> 0.81814258 | J110: =('2019-2022'!J114-'2019-2022'!W$2)/'2019-2022'!W$3 -> 0.48324251 | K110: =('2019-2022'!K114-'2019-2022'!X$2)/'2019-2022'!X$3 -> -0.41866353 | L110: =('2019-2022'!L114-'2019-2022'!Y$2)/'2019-2022'!Y$3 -> 0.61745788 | ... P110: =('2019-2022'!P114-'2019-2022'!AC$2)/'2019-2022'!AC$3 -> 0.96087383
A111: United States | B111: 2020 | C111: North America | D111: High income | E111: =('2019-2022'!E115-'2019-2022'!R$2)/'2019-2022'!R$3 -> 0.34817154 | F111: =('2019-2022'!F115-'2019-2022'!S$2)/'2019-2022'!S$3 -> -0.040555947 | G111: =('2019-2022'!G115-'2019-2022'!T$2)/'2019-2022'!T$3 -> -0.87151906 | H111: =('2019-2022'!H115-'2019-2022'!U$2)/'2019-2022'!U$3 -> 0.33373711 | I111: =('2019-2022'!I115-'2019-2022'!V$2)/'2019-2022'!V$3 -> 0.37205418 | J111: =('2019-2022'!J115-'2019-2022'!W$2)/'2019-2022'!W$3 -> 0.38035842 | K111: =('2019-2022'!K115-'2019-2022'!X$2)/'2019-2022'!X$3 -> -0.53702024 | L111: =('2019-2022'!L115-'2019-2022'!Y$2)/'2019-2022'!Y$3 -> 0.62259468 | ... P111: =('2019-2022'!P115-'2019-2022'!AC$2)/'2019-2022'!AC$3 -> 0.83891271
A112: United States | B112: 2021 | C112: North America | D112: High income | E112: =('2019-2022'!E116-'2019-2022'!R$2)/'2019-2022'!R$3 -> 0.59072051 | F112: =('2019-2022'!F116-'2019-2022'!S$2)/'2019-2022'!S$3 -> 0.22931691 | G112: =('2019-2022'!G116-'2019-2022'!T$2)/'2019-2022'!T$3 -> -0.77944016 | H112: =('2019-2022'!H116-'2019-2022'!U$2)/'2019-2022'!U$3 -> 0.82613594 | I112: =('2019-2022'!I116-'2019-2022'!V$2)/'2019-2022'!V$3 -> 0.41912331 | J112: =('2019-2022'!J116-'2019-2022'!W$2)/'2019-2022'!W$3 -> 0.41796387 | K112: =('2019-2022'!K116-'2019-2022'!X$2)/'2019-2022'!X$3 -> -0.41408941 | L112: =('2019-2022'!L116-'2019-2022'!Y$2)/'2019-2022'!Y$3 -> 0.48099512 | ... P112: =('2019-2022'!P116-'2019-2022'!AC$2)/'2019-2022'!AC$3 -> 1.0923404
A113: United States | B113: 2022 | C113: North America | D113: High income | E113: =('2019-2022'!E117-'2019-2022'!R$2)/'2019-2022'!R$3 -> 1.6383128 | F113: =('2019-2022'!F117-'2019-2022'!S$2)/'2019-2022'!S$3 -> 0.9162608 | G113: =('2019-2022'!G117-'2019-2022'!T$2)/'2019-2022'!T$3 -> -0.14503524 | H113: =('2019-2022'!H117-'2019-2022'!U$2)/'2019-2022'!U$3 -> 1.9848473 | I113: =('2019-2022'!I117-'2019-2022'!V$2)/'2019-2022'!V$3 -> 1.3481206 | J113: =('2019-2022'!J117-'2019-2022'!W$2)/'2019-2022'!W$3 -> 0.57150813 | K113: =('2019-2022'!K117-'2019-2022'!X$2)/'2019-2022'!X$3 -> -0.2891975 | L113: =('2019-2022'!L117-'2019-2022'!Y$2)/'2019-2022'!Y$3 -> 0.2652958 | ... P113: =('2019-2022'!P117-'2019-2022'!AC$2)/'2019-2022'!AC$3 -> 1.0849809

Sheet S2012-2022 (I)
A1: Country | B1: Year | C1: Region | D1: Income Group | E1: TEA_18_34 | F1: Teaap1 | G1: Teaap2 | H1: Teaac1 | I1: Teaac2 | J1: Suskil | K1: Futsup | L1: Knoent | M1: Frfail | N1: Opport | O1: RQ
A2: Brazil | B2: 2012 | C2: Latin America & Caribbean | D2: Upper-middle income | E2: =('2012-2022'!E2-'2012-2022'!R$2)/'2012-2022'!R$3 -> 0.46131176 | F2: =('2012-2022'!F2-'2012-2022'!S$2)/'2012-2022'!S$3 -> 0.61320248 | G2: =('2012-2022'!G2-'2012-2022'!T$2)/'2012-2022'!T$3 -> 0.51305812 | H2: =('2012-2022'!H2-'2012-2022'!U$2)/'2012-2022'!U$3 -> 0.38704089 | I2: =('2012-2022'!I2-'2012-2022'!V$2)/'2012-2022'!V$3 -> 0.50009164 | J2: =('2012-2022'!J2-'2012-2022'!W$2)/'2012-2022'!W$3 -> 0.22079 | K2: =('2012-2022'!K2-'2012-2022'!X$2)/'2012-2022'!X$3 -> 1.1419892 | L2: =('2012-2022'!L2-'2012-2022'!Y$2)/'2012-2022'!Y$3 -> -0.64550296 | ... N2: =('2012-2022'!N2-'2012-2022'!AA$2)/'2012-2022'!AA$3 -> 0.47258317 | O2: =('2012-2022'!P2-'2012-2022'!AC$2)/'2012-2022'!AC$3 -> -0.80178649
A3: Brazil | B3: 2013 | C3: Latin America & Caribbean | D3: Upper-middle income | E3: =('2012-2022'!E3-'2012-2022'!R$2)/'2012-2022'!R$3 -> 0.80520701 | F3: =('2012-2022'!F3-'2012-2022'!S$2)/'2012-2022'!S$3 -> 0.42991577 | G3: =('2012-2022'!G3-'2012-2022'!T$2)/'2012-2022'!T$3 -> 0.40022211 | H3: =('2012-2022'!H3-'2012-2022'!U$2)/'2012-2022'!U$3 -> 0.66424304 | I3: =('2012-2022'!I3-'2012-2022'!V$2)/'2012-2022'!V$3 -> 0.8546701 | J3: =('2012-2022'!J3-'2012-2022'!W$2)/'2012-2022'!W$3 -> 0.10583261 | K3: =('2012-2022'!K3-'2012-2022'!X$2)/'2012-2022'!X$3 -> 0.54210743 | L3: =('2012-2022'!L3-'2012-2022'!Y$2)/'2012-2022'!Y$3 -> -0.30051546 | ... N3: =('2012-2022'!N3-'2012-2022'!AA$2)/'2012-2022'!AA$3 -> 0.38091909 | O3: =('2012-2022'!P3-'2012-2022'!AC$2)/'2012-2022'!AC$3 -> -0.87645841
A4: Brazil | B4: 2014 | C4: Latin America & Caribbean | D4: Upper-middle income | E4: =('2012-2022'!E4-'2012-2022'!R$2)/'2012-2022'!R$3 -> 0.81947257 | F4: =('2012-2022'!F4-'2012-2022'!S$2)/'2012-2022'!S$3 -> 0.65024617 | G4: =('2012-2022'!G4-'2012-2022'!T$2)/'2012-2022'!T$3 -> 0.57557358 | H4: =('2012-2022'!H4-'2012-2022'!U$2)/'2012-2022'!U$3 -> 0.66498584 | I4: =('2012-2022'!I4-'2012-2022'!V$2)/'2012-2022'!V$3 -> 0.89452695 | J4: =('2012-2022'!J4-'2012-2022'!W$2)/'2012-2022'!W$3 -> -0.12512146 | K4: =('2012-2022'!K4-'2012-2022'!X$2)/'2012-2022'!X$3 -> -0.0077939203 | L4: =('2012-2022'!L4-'2012-2022'!Y$2)/'2012-2022'!Y$3 -> -0.32076304 | ... N4: =('2012-2022'!N4-'2012-2022'!AA$2)/'2012-2022'!AA$3 -> 0.66759893 | O4: =('2012-2022'!P4-'2012-2022'!AC$2)/'2012-2022'!AC$3 -> -1.0858036
A5: Brazil | B5: 2015 | C5: Latin America & Caribbean | D5: Upper-middle income | E5: =('2012-2022'!E5-'2012-2022'!R$2)/'2012-2022'!R$3 -> 1.4124962 | F5: =('2012-2022'!F5-'2012-2022'!S$2)/'2012-2022'!S$3 -> 0.78124704 | G5: =('2012-2022'!G5-'2012-2022'!T$2)/'2012-2022'!T$3 -> 0.35944596 | H5: =('2012-2022'!H5-'2012-2022'!U$2)/'2012-2022'!U$3 -> 1.3070458 | I5: =('2012-2022'!I5-'2012-2022'!V$2)/'2012-2022'!V$3 -> 1.414457 | J5: =('2012-2022'!J5-'2012-2022'!W$2)/'2012-2022'!W$3 -> 0.59639616 | K5: =('2012-2022'!K5-'2012-2022'!X$2)/'2012-2022'!X$3 -> 0.095645263 | L5: =('2012-2022'!L5-'2012-2022'!Y$2)/'2012-2022'!Y$3 -> 0.79271187 | ... N5: =('2012-2022'!N5-'2012-2022'!AA$2)/'2012-2022'!AA$3 -> -0.15058706 | O5: =('2012-2022'!P5-'2012-2022'!AC$2)/'2012-2022'!AC$3 -> -1.1610231
A6: Brazil | B6: 2016 | C6: Latin America & Caribbean | D6: Upper-middle income | E6: =('2012-2022'!E6-'2012-2022'!R$2)/'2012-2022'!R$3 -> 1.1050953 | F6: =('2012-2022'!F6-'2012-2022'!S$2)/'2012-2022'!S$3 -> 0.85488076 | G6: =('2012-2022'!G6-'2012-2022'!T$2)/'2012-2022'!T$3 -> -0.012055777 | H6: =('2012-2022'!H6-'2012-2022'!U$2)/'2012-2022'!U$3 -> 1.2079504 | I6: =('2012-2022'!I6-'2012-2022'!V$2)/'2012-2022'!V$3 -> 0.98274853 | J6: =('2012-2022'!J6-'2012-2022'!W$2)/'2012-2022'!W$3 -> 0.18858427 | K6: =('2012-2022'!K6-'2012-2022'!X$2)/'2012-2022'!X$3 -> 0.43948567 | L6: =('2012-2022'!L6-'2012-2022'!Y$2)/'2012-2022'!Y$3 -> -0.034906039 | ... N6: =('2012-2022'!N6-'2012-2022'!AA$2)/'2012-2022'!AA$3 -> -0.28407509 | O6: =('2012-2022'!P6-'2012-2022'!AC$2)/'2012-2022'!AC$3 -> -1.160896
A7: Brazil | B7: 2017 | C7: Latin America & Caribbean | D7: Upper-middle income | E7: =('2012-2022'!E7-'2012-2022'!R$2)/'2012-2022'!R$3 -> 1.7235449 | F7: =('2012-2022'!F7-'2012-2022'!S$2)/'2012-2022'!S$3 -> 0.7297846 | G7: =('2012-2022'!G7-'2012-2022'!T$2)/'2012-2022'!T$3 -> 1.1797892 | H7: =('2012-2022'!H7-'2012-2022'!U$2)/'2012-2022'!U$3 -> 1.233148 | I7: =('2012-2022'!I7-'2012-2022'!V$2)/'2012-2022'!V$3 -> 1.9761987 | J7: =('2012-2022'!J7-'2012-2022'!W$2)/'2012-2022'!W$3 -> 0.39038107 | K7: =('2012-2022'!K7-'2012-2022'!X$2)/'2012-2022'!X$3 -> -0.27066779 | L7: =('2012-2022'!L7-'2012-2022'!Y$2)/'2012-2022'!Y$3 -> 0.077674937 | ... N7: =('2012-2022'!N7-'2012-2022'!AA$2)/'2012-2022'!AA$3 -> 0.10053571 | O7: =('2012-2022'!P7-'2012-2022'!AC$2)/'2012-2022'!AC$3 -> -1.1736093
A8: Brazil | B8: 2018 | C8: Latin America & Caribbean | D8: Upper-middle income | E8: =('2012-2022'!E8-'2012-2022'!R$2)/'2012-2022'!R$3 -> 0.95421375 | F8: =('2012-2022'!F8-'2012-2022'!S$2)/'2012-2022'!S$3 -> 1.2689781 | G8: =('2012-2022'!G8-'2012-2022'!T$2)/'2012-2022'!T$3 -> -0.31297931 | H8: =('2012-2022'!H8-'2012-2022'!U$2)/'2012-2022'!U$3 -> 1.3626428 | I8: =('2012-2022'!I8-'2012-2022'!V$2)/'2012-2022'!V$3 -> 0.62846872 | J8: =('2012-2022'!J8-'2012-2022'!W$2)/'2012-2022'!W$3 -> 0.24959855 | K8: =('2012-2022'!K8-'2012-2022'!X$2)/'2012-2022'!X$3 -> 0.3000493 | L8: =('2012-2022'!L8-'2012-2022'!Y$2)/'2012-2022'!Y$3 -> -0.58465767 | ... N8: =('2012-2022'!N8-'2012-2022'!AA$2)/'2012-2022'!AA$3 -> -0.83102874 | O8: =('2012-2022'!P8-'2012-2022'!AC$2)/'2012-2022'!AC$3 -> -1.3470426
A9: Brazil | B9: 2019 | C9: Latin America & Caribbean | D9: Upper-middle income | E9: =('2012-2022'!E9-'2012-2022'!R$2)/'2012-2022'!R$3 -> 1.6130318 | F9: =('2012-2022'!F9-'2012-2022'!S$2)/'2012-2022'!S$3 -> 0.7937986 | G9: =('2012-2022'!G9-'2012-2022'!T$2)/'2012-2022'!T$3 -> -0.39864155 | H9: =('2012-2022'!H9-'2012-2022'!U$2)/'2012-2022'!U$3 -> 1.789714 | I9: =('2012-2022'!I9-'2012-2022'!V$2)/'2012-2022'!V$3 -> 1.4075997 | J9: =('2012-2022'!J9-'2012-2022'!W$2)/'2012-2022'!W$3 -> 0.91969675 | K9: =('2012-2022'!K9-'2012-2022'!X$2)/'2012-2022'!X$3 -> 0.9091966 | L9: =('2012-2022'!L9-'2012-2022'!Y$2)/'2012-2022'!Y$3 -> 0.79056445 | ... N9: =('2012-2022'!N9-'2012-2022'!AA$2)/'2012-2022'!AA$3 -> 0.09750111 | O9: =('2012-2022'!P9-'2012-2022'!AC$2)/'2012-2022'!AC$3 -> -1.1649089
A10: Brazil | B10: 2020 | C10: Latin America & Caribbean | D10: Upper-middle income | E10: =('2012-2022'!E10-'2012-2022'!R$2)/'2012-2022'!R$3 -> 1.6891948 | F10: =('2012-2022'!F10-'2012-2022'!S$2)/'2012-2022'!S$3 -> 0.54710387 | G10: =('2012-2022'!G10-'2012-2022'!T$2)/'2012-2022'!T$3 -> -0.1544359 | H10: =('2012-2022'!H10-'2012-2022'!U$2)/'2012-2022'!U$3 -> 1.5883446 | I10: =('2012-2022'!I10-'2012-2022'!V$2)/'2012-2022'!V$3 -> 1.6740679 | J10: =('2012-2022'!J10-'2012-2022'!W$2)/'2012-2022'!W$3 -> 1.4272962 | K10: =('2012-2022'!K10-'2012-2022'!X$2)/'2012-2022'!X$3 -> 2.1548994 | L10: =('2012-2022'!L10-'2012-2022'!Y$2)/'2012-2022'!Y$3 -> 2.5914596 | ... N10: =('2012-2022'!N10-'2012-2022'!AA$2)/'2012-2022'!AA$3 -> 0.77778784 | O10: =('2012-2022'!P10-'2012-2022'!AC$2)/'2012-2022'!AC$3 -> -1.2308677
A11: Brazil | B11: 2021 | C11: Latin America & Caribbean | D11: Upper-middle income | E11: =('2012-2022'!E11-'2012-2022'!R$2)/'2012-2022'!R$3 -> 1.2758856 | F11: =('2012-2022'!F11-'2012-2022'!S$2)/'2012-2022'!S$3 -> -0.30446902 | G11: =('2012-2022'!G11-'2012-2022'!T$2)/'2012-2022'!T$3 -> 0.35898325 | H11: =('2012-2022'!H11-'2012-2022'!U$2)/'2012-2022'!U$3 -> 0.59120502 | I11: =('2012-2022'!I11-'2012-2022'!V$2)/'2012-2022'!V$3 -> 1.6394813 | J11: =('2012-2022'!J11-'2012-2022'!W$2)/'2012-2022'!W$3 -> 1.3305621 | K11: =('2012-2022'!K11-'2012-2022'!X$2)/'2012-2022'!X$3 -> 2.1124217 | L11: =('2012-2022'!L11-'2012-2022'!Y$2)/'2012-2022'!Y$3 -> 2.3041006 | ... N11: =('2012-2022'!N11-'2012-2022'!AA$2)/'2012-2022'!AA$3 -> 0.6218334 | O11: =('2012-2022'!P11-'2012-2022'!AC$2)/'2012-2022'!AC$3 -> -1.2298449
A12: Brazil | B12: 2022 | C12: Latin America & Caribbean | D12: Upper-middle income | E12: =('2012-2022'!E12-'2012-2022'!R$2)/'2012-2022'!R$3 -> 1.2560583 | F12: =('2012-2022'!F12-'2012-2022'!S$2)/'2012-2022'!S$3 -> 0.59344862 | G12: =('2012-2022'!G12-'2012-2022'!T$2)/'2012-2022'!T$3 -> -0.21864272 | H12: =('2012-2022'!H12-'2012-2022'!U$2)/'2012-2022'!U$3 -> 1.4409162 | I12: =('2012-2022'!I12-'2012-2022'!V$2)/'2012-2022'!V$3 -> 1.0583546 | J12: =('2012-2022'!J12-'2012-2022'!W$2)/'2012-2022'!W$3 -> 1.5419528 | K12: =('2012-2022'!K12-'2012-2022'!X$2)/'2012-2022'!X$3 -> 2.2446228 | L12: =('2012-2022'!L12-'2012-2022'!Y$2)/'2012-2022'!Y$3 -> 2.7134309 | ... N12: =('2012-2022'!N12-'2012-2022'!AA$2)/'2012-2022'!AA$3 -> 1.4338623 | O12: =('2012-2022'!P12-'2012-2022'!AC$2)/'2012-2022'!AC$3 -> -1.2900143
A13: Canada | B13: 2012 | C13: North America | D13: High income | E13: =('2012-2022'!E13-'2012-2022'!R$2)/'2012-2022'!R$3 -> 0.73295183 | F13: =('2012-2022'!F13-'2012-2022'!S$2)/'2012-2022'!S$3 -> 0.015129439 | G13: =('2012-2022'!G13-'2012-2022'!T$2)/'2012-2022'!T$3 -> -0.054079615 | H13: =('2012-2022'!H13-'2012-2022'!U$2)/'2012-2022'!U$3 -> 0.59474877 | I13: =('2012-2022'!I13-'2012-2022'!V$2)/'2012-2022'!V$3 -> 0.7665282 | J13: =('2012-2022'!J13-'2012-2022'!W$2)/'2012-2022'!W$3 -> 0.64308802 | K13: =('2012-2022'!K13-'2012-2022'!X$2)/'2012-2022'!X$3 -> 0.92293347 | L13: =('2012-2022'!L13-'2012-2022'!Y$2)/'2012-2022'!Y$3 -> 0.80802667 | ... N13: =('2012-2022'!N13-'2012-2022'!AA$2)/'2012-2022'!AA$3 -> 1.1070865 | O13: =('2012-2022'!P13-'2012-2022'!AC$2)/'2012-2022'!AC$3 -> 1.133123
... A287: United States | B287: 2022 | C287: North America | D287: High income | E287: =('2012-2022'!E287-'2012-2022'!R$2)/'2012-2022'!R$3 -> 1.837336 | F287: =('2012-2022'!F287-'2012-2022'!S$2)/'2012-2022'!S$3 -> 1.2161331 | G287: =('2012-2022'!G287-'2012-2022'!T$2)/'2012-2022'!T$3 -> 0.12612849 | H287: =('2012-2022'!H287-'2012-2022'!U$2)/'2012-2022'!U$3 -> 2.3091622 | I287: =('2012-2022'!I287-'2012-2022'!V$2)/'2012-2022'!V$3 -> 1.4226163 | J287: =('2012-2022'!J287-'2012-2022'!W$2)/'2012-2022'!W$3 -> 1.3371989 | K287: =('2012-2022'!K287-'2012-2022'!X$2)/'2012-2022'!X$3 -> 0.016976523 | L287: =('2012-2022'!L287-'2012-2022'!Y$2)/'2012-2022'!Y$3 -> 1.1072667 | ... N287: =('2012-2022'!N287-'2012-2022'!AA$2)/'2012-2022'!AA$3 -> 0.075448803 | O287: =('2012-2022'!P287-'2012-2022'!AC$2)/'2012-2022'!AC$3 -> 0.79414413

Sheet S2019-2022 (I)
A1: Country | B1: Year | C1: Region | D1: Income Group | E1: TEA_18_34 | F1: Teaap1 | G1: Teaap2 | H1: Teaac1 | I1: Teaac2 | J1: Suskil | K1: Futsup | L1: Knoent | M1: Frfail | N1: Opport | O1: Nbstat | P1: RQ
A2: Canada | B2: 2019 | C2: North America | D2: High income | E2: =('2019-2022'!E2-'2019-2022'!R$2)/'2019-2022'!R$3 -> 1.7958544 | F2: =('2019-2022'!F2-'2019-2022'!S$2)/'2019-2022'!S$3 -> 0.58609374 | G2: =('2019-2022'!G2-'2019-2022'!T$2)/'2019-2022'!T$3 -> 0.22405915 | H2: =('2019-2022'!H2-'2019-2022'!U$2)/'2019-2022'!U$3 -> 1.6773182 | I2: =('2019-2022'!I2-'2019-2022'!V$2)/'2019-2022'!V$3 -> 1.8062895 | J2: =('2019-2022'!J2-'2019-2022'!W$2)/'2019-2022'!W$3 -> -0.11045833 | K2: =('2019-2022'!K2-'2019-2022'!X$2)/'2019-2022'!X$3 -> -0.36791177 | L2: =('2019-2022'!L2-'2019-2022'!Y$2)/'2019-2022'!Y$3 -> 0.23137476 | ... P2: =('2019-2022'!P2-'2019-2022'!AC$2)/'2019-2022'!AC$3 -> 1.3893188
A3: Canada | B3: 2020 | C3: North America | D3: High income | E3: =('2019-2022'!E3-'2019-2022'!R$2)/'2019-2022'!R$3 -> 1.0001682 | F3: =('2019-2022'!F3-'2019-2022'!S$2)/'2019-2022'!S$3 -> 0.62270172 | G3: =('2019-2022'!G3-'2019-2022'!T$2)/'2019-2022'!T$3 -> -0.39959859 | H3: =('2019-2022'!H3-'2019-2022'!U$2)/'2019-2022'!U$3 -> 1.2679239 | I3: =('2019-2022'!I3-'2019-2022'!V$2)/'2019-2022'!V$3 -> 0.78911848 | J3: =('2019-2022'!J3-'2019-2022'!W$2)/'2019-2022'!W$3 -> -0.19137817 | K3: =('2019-2022'!K3-'2019-2022'!X$2)/'2019-2022'!X$3 -> -0.5888011 | L3: =('2019-2022'!L3-'2019-2022'!Y$2)/'2019-2022'!Y$3 -> -0.048201589 | ... P3: =('2019-2022'!P3-'2019-2022'!AC$2)/'2019-2022'!AC$3 -> 1.2672546
A4: Canada | B4: 2021 | C4: North America | D4: High income | E4: =('2019-2022'!E4-'2019-2022'!R$2)/'2019-2022'!R$3 -> 2.1987042 | F4: =('2019-2022'!F4-'2019-2022'!S$2)/'2019-2022'!S$3 -> 0.84017536 | G4: =('2019-2022'!G4-'2019-2022'!T$2)/'2019-2022'!T$3 -> 0.031103036 | H4: =('2019-2022'!H4-'2019-2022'!U$2)/'2019-2022'!U$3 -> 2.3308644 | I4: =('2019-2022'!I4-'2019-2022'!V$2)/'2019-2022'!V$3 -> 2.0247473 | J4: =('2019-2022'!J4-'2019-2022'!W$2)/'2019-2022'!W$3 -> 0.034575736 | K4: =('2019-2022'!K4-'2019-2022'!X$2)/'2019-2022'!X$3 -> -0.29091775 | L4: =('2019-2022'!L4-'2019-2022'!Y$2)/'2019-2022'!Y$3 -> 0.0016708999 | ... P4: =('2019-2022'!P4-'2019-2022'!AC$2)/'2019-2022'!AC$3 -> 1.3200062
A5: Canada | B5: 2022 | C5: North America | D5: High income | E5: =('2019-2022'!E5-'2019-2022'!R$2)/'2019-2022'!R$3 -> 1.2982117 | F5: =('2019-2022'!F5-'2019-2022'!S$2)/'2019-2022'!S$3 -> 0.16293787 | G5: =('2019-2022'!G5-'2019-2022'!T$2)/'2019-2022'!T$3 -> 0.31846899 | H5: =('2019-2022'!H5-'2019-2022'!U$2)/'2019-2022'!U$3 -> 1.0589001 | I5: =('2019-2022'!I5-'2019-2022'!V$2)/'2019-2022'!V$3 -> 1.3848752 | J5: =('2019-2022'!J5-'2019-2022'!W$2)/'2019-2022'!W$3 -> -0.20602746 | K5: =('2019-2022'!K5-'2019-2022'!X$2)/'2019-2022'!X$3 -> -0.44119964 | L5: =('2019-2022'!L5-'2019-2022'!Y$2)/'2019-2022'!Y$3 -> -0.29721701 | ... P5: =('2019-2022'!P5-'2019-2022'!AC$2)/'2019-2022'!AC$3 -> 1.3207418
A6: Colombia | B6: 2019 | C6: Latin America & Caribbean | D6: Upper-middle income | E6: =('2019-2022'!E6-'2019-2022'!R$2)/'2019-2022'!R$3 -> 1.5368991 | F6: =('2019-2022'!F6-'2019-2022'!S$2)/'2019-2022'!S$3 -> 0.61103549 | G6: =('2019-2022'!G6-'2019-2022'!T$2)/'2019-2022'!T$3 -> -0.26080119 | H6: =('2019-2022'!H6-'2019-2022'!U$2)/'2019-2022'!U$3 -> 1.5878682 | I6: =('2019-2022'!I6-'2019-2022'!V$2)/'2019-2022'!V$3 -> 1.4524705 | J6: =('2019-2022'!J6-'2019-2022'!W$2)/'2019-2022'!W$3 -> 0.95161129 | K6: =('2019-2022'!K6-'2019-2022'!X$2)/'2019-2022'!X$3 -> 0.94284229 | L6: =('2019-2022'!L6-'2019-2022'!Y$2)/'2019-2022'!Y$3 -> 1.0003372 | ... P6: =('2019-2022'!P6-'2019-2022'!AC$2)/'2019-2022'!AC$3 -> -0.58274638
A7: Colombia | B7: 2020 | C7: Latin America & Caribbean | D7: Upper-middle income | E7: =('2019-2022'!E7-'2019-2022'!R$2)/'2019-2022'!R$3 -> 2.7601598 | F7: =('2019-2022'!F7-'2019-2022'!S$2)/'2019-2022'!S$3 -> 0.58174737 | G7: =('2019-2022'!G7-'2019-2022'!T$2)/'2019-2022'!T$3 -> -0.10565463 | H7: =('2019-2022'!H7-'2019-2022'!U$2)/'2019-2022'!U$3 -> 2.621873 | I7: =('2019-2022'!I7-'2019-2022'!V$2)/'2019-2022'!V$3 -> 2.7512574 | J7: =('2019-2022'!J7-'2019-2022'!W$2)/'2019-2022'!W$3 -> 0.43516391 | K7: =('2019-2022'!K7-'2019-2022'!X$2)/'2019-2022'!X$3 -> 1.0105369 | L7: =('2019-2022'!L7-'2019-2022'!Y$2)/'2019-2022'!Y$3 -> 1.0253921 | ... P7: =('2019-2022'!P7-'2019-2022'!AC$2)/'2019-2022'!AC$3 -> -0.67996329
A8: Colombia | B8: 2021 | C8: Latin America & Caribbean | D8: Upper-middle income | E8: =('2019-2022'!E8-'2019-2022'!R$2)/'2019-2022'!R$3 -> 0.32120147 | F8: =('2019-2022'!F8-'2019-2022'!S$2)/'2019-2022'!S$3 -> 0.23172526 | G8: =('2019-2022'!G8-'2019-2022'!T$2)/'2019-2022'!T$3 -> -0.24115275 | H8: =('2019-2022'!H8-'2019-2022'!U$2)/'2019-2022'!U$3 -> 0.33569292 | I8: =('2019-2022'!I8-'2019-2022'!V$2)/'2019-2022'!V$3 -> 0.31003264 | J8: =('2019-2022'!J8-'2019-2022'!W$2)/'2019-2022'!W$3 -> -0.14902345 | K8: =('2019-2022'!K8-'2019-2022'!X$2)/'2019-2022'!X$3 -> -0.086992882 | L8: =('2019-2022'!L8-'2019-2022'!Y$2)/'2019-2022'!Y$3 -> 0.43810988 | ... P8: =('2019-2022'!P8-'2019-2022'!AC$2)/'2019-2022'!AC$3 -> -0.57697559
A9: Colombia | B9: 2022 | C9: Latin America & Caribbean | D9: Upper-middle income | E9: =('2019-2022'!E9-'2019-2022'!R$2)/'2019-2022'!R$3 -> 1.9174025 | F9: =('2019-2022'!F9-'2019-2022'!S$2)/'2019-2022'!S$3 -> -0.22388903 | G9: =('2019-2022'!G9-'2019-2022'!T$2)/'2019-2022'!T$3 -> -0.085823281 | H9: =('2019-2022'!H9-'2019-2022'!U$2)/'2019-2022'!U$3 -> 1.2792832 | I9: =('2019-2022'!I9-'2019-2022'!V$2)/'2019-2022'!V$3 -> 2.2592224 | J9: =('2019-2022'!J9-'2019-2022'!W$2)/'2019-2022'!W$3 -> 0.55536654 | K9: =('2019-2022'!K9-'2019-2022'!X$2)/'2019-2022'!X$3 -> -0.045969871 | L9: =('2019-2022'!L9-'2019-2022'!Y$2)/'2019-2022'!Y$3 -> 0.81635842 | ... P9: =('2019-2022'!P9-'2019-2022'!AC$2)/'2019-2022'!AC$3 -> -0.64517772
A10: Croatia | B10: 2019 | C10: Europe & Central Asia | D10: High income | E10: =('2019-2022'!E10-'2019-2022'!R$2)/'2019-2022'!R$3 -> 0.24739207 | F10: =('2019-2022'!F10-'2019-2022'!S$2)/'2019-2022'!S$3 -> 0.20286515 | G10: =('2019-2022'!G10-'2019-2022'!T$2)/'2019-2022'!T$3 -> 0.53846939 | H10: =('2019-2022'!H10-'2019-2022'!U$2)/'2019-2022'!U$3 -> 0.13252524 | I10: =('2019-2022'!I10-'2019-2022'!V$2)/'2019-2022'!V$3 -> 0.30626054 | J10: =('2019-2022'!J10-'2019-2022'!W$2)/'2019-2022'!W$3 -> 0.87102134 | K10: =('2019-2022'!K10-'2019-2022'!X$2)/'2019-2022'!X$3 -> -0.094410822 | L10: =('2019-2022'!L10-'2019-2022'!Y$2)/'2019-2022'!Y$3 -> 0.97884747 | ... P10: =('2019-2022'!P10-'2019-2022'!AC$2)/'2019-2022'!AC$3 -> -0.37545923
A11: Croatia | B11: 2020 | C11: Europe & Central Asia | D11: High income | E11: =('2019-2022'!E11-'2019-2022'!R$2)/'2019-2022'!R$3 -> 0.60718258 | F11: =('2019-2022'!F11-'2019-2022'!S$2)/'2019-2022'!S$3 -> -0.11149741 | G11: =('2019-2022'!G11-'2019-2022'!T$2)/'2019-2022'!T$3 -> 0.59851265 | H11: =('2019-2022'!H11-'2019-2022'!U$2)/'2019-2022'!U$3 -> 0.22374382 | I11: =('2019-2022'!I11-'2019-2022'!V$2)/'2019-2022'!V$3 -> 0.81585718 | J11: =('2019-2022'!J11-'2019-2022'!W$2)/'2019-2022'!W$3 -> 1.130193 | K11: =('2019-2022'!K11-'2019-2022'!X$2)/'2019-2022'!X$3 -> 0.20794566 | L11: =('2019-2022'!L11-'2019-2022'!Y$2)/'2019-2022'!Y$3 -> 1.0829401 | ... P11: =('2019-2022'!P11-'2019-2022'!AC$2)/'2019-2022'!AC$3 -> -0.62429562
A12: Croatia | B12: 2021 | C12: Europe & Central Asia | D12: High income | E12: =('2019-2022'!E12-'2019-2022'!R$2)/'2019-2022'!R$3 -> 0.48938569 | F12: =('2019-2022'!F12-'2019-2022'!S$2)/'2019-2022'!S$3 -> -0.30475645 | G12: =('2019-2022'!G12-'2019-2022'!T$2)/'2019-2022'!T$3 -> 0.60589607 | H12: =('2019-2022'!H12-'2019-2022'!U$2)/'2019-2022'!U$3 -> -0.033489408 | I12: =('2019-2022'!I12-'2019-2022'!V$2)/'2019-2022'!V$3 -> 0.81728113 | J12: =('2019-2022'!J12-'2019-2022'!W$2)/'2019-2022'!W$3 -> 0.86250341 | K12: =('2019-2022'!K12-'2019-2022'!X$2)/'2019-2022'!X$3 -> 0.049823113 | L12: =('2019-2022'!L12-'2019-2022'!Y$2)/'2019-2022'!Y$3 -> 1.0962084 | ... P12: =('2019-2022'!P12-'2019-2022'!AC$2)/'2019-2022'!AC$3 -> -0.44749872
A13: Croatia | B13: 2022 | C13: Europe & Central Asia | D13: High income | E13: =('2019-2022'!E13-'2019-2022'!R$2)/'2019-2022'!R$3 -> 0.90451947 | F13: =('2019-2022'!F13-'2019-2022'!S$2)/'2019-2022'!S$3 -> -0.89334962 | G13: =('2019-2022'!G13-'2019-2022'!T$2)/'2019-2022'!T$3 -> 1.0588244 | H13: =('2019-2022'!H13-'2019-2022'!U$2)/'2019-2022'!U$3 -> 0.067297084 | I13: =('2019-2022'!I13-'2019-2022'!V$2)/'2019-2022'!V$3 -> 1.1960149 | J13: =('2019-2022'!J13-'2019-2022'!W$2)/'2019-2022'!W$3 -> 1.0361616 | K13: =('2019-2022'!K13-'2019-2022'!X$2)/'2019-2022'!X$3 -> -0.043137584 | L13: =('2019-2022'!L13-'2019-2022'!Y$2)/'2019-2022'!Y$3 -> 0.9970423 | ... P13: =('2019-2022'!P13-'2019-2022'!AC$2)/'2019-2022'!AC$3 -> -0.49164889
... A117: United States | B117: 2022 | C117: North America | D117: High income | E117: =('2019-2022'!E117-'2019-2022'!R$2)/'2019-2022'!R$3 -> 1.6383128 | F117: =('2019-2022'!F117-'2019-2022'!S$2)/'2019-2022'!S$3 -> 0.9162608 | G117: =('2019-2022'!G117-'2019-2022'!T$2)/'2019-2022'!T$3 -> -0.14503524 | H117: =('2019-2022'!H117-'2019-2022'!U$2)/'2019-2022'!U$3 -> 1.9848473 | I117: =('2019-2022'!I117-'2019-2022'!V$2)/'2019-2022'!V$3 -> 1.3481206 | J117: =('2019-2022'!J117-'2019-2022'!W$2)/'2019-2022'!W$3 -> 0.57150813 | K117: =('2019-2022'!K117-'2019-2022'!X$2)/'2019-2022'!X$3 -> -0.2891975 | L117: =('2019-2022'!L117-'2019-2022'!Y$2)/'2019-2022'!Y$3 -> 0.2652958 | ... P117: =('2019-2022'!P117-'2019-2022'!AC$2)/'2019-2022'!AC$3 -> 1.0849809

Sheet 2012-2022
A1: Country | B1: Year | C1: Region | D1: Income Group | E1: TEA_18_34 | F1: Teaap1 | G1: Teaap2 | H1: Teaac1 | I1: Teaac2 | J1: Suskil | K1: Futsup | L1: Knoent | M1: Frfail | N1: Opport | O1: Nbstat | P1: RQ | R1: TEA 18-34 | S1: Teaap1 | T1: Teaap2 | U1: Teaac1 | V1: Teaac2 | W1: Suskil | X1: Futsup | Y1: Knoent | Z1: Frfail | AA1: Opport | AB1: Nbstat | AC1: Regulatory Quality
A2: Brazil | B2: 2012 | C2: Latin America & Caribbean | D2: Upper-middle income | E2: =(F2+G2)/((F2/H2)+(G2/I2)) -> 17.066764 | F2: 18.20324 | G2: 33.87777 | H2: 14.171303 | I2: 19.171502 | J2: 53.941285 | K2: 37.294576 | L2: 33.632105 | M2: 35.549348 | N2: 52.402783 | O2: 86.041975 | P2: 0.1894102 | R2: =AVERAGE(E$2:E$287) -> 13.74246 | S2: =AVERAGE(F$2:F$287) -> 14.452217 | T2: =AVERAGE(G$2:G$287) -> 30.421211 | U2: =AVERAGE(H$2:H$287) -> 11.36764 | V2: =AVERAGE(I$2:I$287) -> 15.33157 | W2: =AVERAGE(J$2:J$287) -> 51.398271 | X2: =AVERAGE(K$2:K$287) -> 22.286855 | Y2: =AVERAGE(L$2:L$287) -> 41.728625 | ... AC2: =AVERAGE(P$2:P$287) -> 0.82715925
A3: Brazil | B3: 2013 | C3: Latin America & Caribbean | D3: Upper-middle income | E3: =(F3+G3)/((F3/H3)+(G3/I3)) -> 19.544942 | F3: 17.082056 | G3: 33.117575 | H3: 16.179312 | I3: 21.894117 | J3: 52.61723 | K3: 29.411088 | L3: 37.959271 | M3: 42.70499 | N3: 50.928157 | O3: 82.211465 | P3: 0.1300154 | R3: =_xlfn.STDEV.S(E$2:E$287) -> 7.2061989 | S3: =_xlfn.STDEV.S(F$2:F$287) -> 6.1171026 | T3: =_xlfn.STDEV.S(G$2:G$287) -> 6.7371674 | U3: =_xlfn.STDEV.S(H$2:H$287) -> 7.2438422 | V3: =_xlfn.STDEV.S(I$2:I$287) -> 7.6784561 | W3: =_xlfn.STDEV.S(J$2:J$287) -> 11.517797 | X3: =_xlfn.STDEV.S(K$2:K$287) -> 13.141737 | Y3: =_xlfn.STDEV.S(L$2:L$287) -> 12.542962 | ... AC3: =_xlfn.STDEV.S(P$2:P$287) -> 0.79541008
A4: Brazil | B4: 2014 | C4: Latin America & Caribbean | D4: Upper-middle income | E4: =(F4+G4)/((F4/H4)+(G4/I4)) -> 19.647742 | F4: 18.42984 | G4: 34.298947 | H4: 16.184693 | I4: 22.200156 | J4: 49.957147 | K4: 22.184429 | L4: 37.705306 | M4: 39.072195 | N4: 55.540059 | O4: N/A | P4: -0.0364999
A5: Brazil | B5: 2015 | C5: Latin America & Caribbean | D5: Upper-middle income | E5: =(F5+G5)/((F5/H5)+(G5/I5)) -> 23.921188 | F5: 19.231186 | G5: 32.842859 | H5: 20.835673 | I5: 26.192417 | J5: 58.267441 | K5: 23.543799 | L5: 51.67158 | M5: 49.191412 | N5: 42.377662 | O5: 80.082322 | P5: -0.0963302
A6: Brazil | B6: 2016 | C6: Latin America & Caribbean | D6: Upper-middle income | E6: =(F6+G6)/((F6/H6)+(G6/I6)) -> 21.705997 | F6: 19.681611 | G6: 30.33999 | H6: 20.117842 | I6: 22.877562 | J6: 53.570346 | K6: 28.062459 | L6: 41.2908 | M6: 42.371052 | N6: 40.230201 | O6: N/A | P6: -0.0962291
A7: Brazil | B7: 2017 | C7: Latin America & Caribbean | D7: Upper-middle income | E7: =(F7+G7)/((F7/H7)+(G7/I7)) -> 26.162668 | F7: 18.916385 | G7: 38.369649 | H7: 20.300369 | I7: 30.505725 | J7: 55.894601 | K7: 18.72981 | L7: 42.702899 | M7: 43.477991 | N7: 46.417547 | O7: N/A | P7: -0.1063414
A8: Brazil | B8: 2018 | C8: Latin America & Caribbean | D8: Upper-middle income | E8: =(F8+G8)/((F8/H8)+(G8/I8)) -> 20.618714 | F8: 22.214686 | G8: 28.312617 | H8: 21.23841 | I8: 20.15724 | J8: 54.273096 | K8: 26.230023 | L8: 34.395286 | M8: 44.045254 | N8: 31.431198 | O8: N/A | P8: -0.244292
A9: Brazil | B9: 2019 | C9: Latin America & Caribbean | D9: Upper-middle income | E9: =(F9+G9)/((F9/H9)+(G9/I9)) -> 25.366288 | F9: 19.307965 | G9: 27.735496 | H9: 24.332046 | I9: 26.139763 | J9: 61.991151 | K9: 34.235277 | L9: 51.644645 | M9: 41.865904 | N9: 46.368729 | O9: 72.246193 | P9: -0.099421
A10: Brazil | B10: 2020 | C10: Latin America & Caribbean | D10: Upper-middle income | E10: =(F10+G10)/((F10/H10)+(G10/I10)) -> 25.915134 | F10: 17.798908 | G10: 29.380751 | H10: 22.873358 | I10: 28.185827 | J10: 67.837579 | K10: 50.605974 | L10: 74.233206 | M10: 47.034484 | N10: 57.3127 | O10: N/A | P10: -0.1518853
A11: Brazil | B11: 2021 | C11: Latin America & Caribbean | D11: Upper-middle income | E11: =(F11+G11)/((F11/H11)+(G11/I11)) -> 22.936745 | F11: 12.589749 | G11: 32.839742 | H11: 15.650236 | I11: 27.920256 | J11: 66.723415 | K11: 50.047744 | L11: 70.628872 | M11: 48.409551 | N11: 54.803815 | O11: N/A | P11: -0.1510718
A12: Brazil | B12: 2022 | C12: Latin America & Caribbean | D12: Upper-middle income | E12: =(F12+G12)/((F12/H12)+(G12/I12)) -> 22.793866 | F12: 18.082403 | G12: 28.948179 | H12: 21.80541 | I12: 23.4581 | J12: 69.15817 | K12: 51.785096 | L12: 75.763087 | M12: 50.973724 | N12: 67.86716 | O12: N/A | P12: -0.1989311
A13: Canada | B13: 2012 | C13: North America | D13: High income | E13: =(F13+G13)/((F13/H13)+(G13/I13)) -> 19.024257 | F13: =AVERAGE(F12,F14) -> 14.544766 | G13: =AVERAGE(G12,G14) -> 30.056868 | H13: =AVERAGE(H12,H14) -> 15.675906 | I13: =AVERAGE(I12,I14) -> 21.217324 | J13: =AVERAGE(J12,J14) -> 58.805228 | K13: =AVERAGE(K12,K14) -> 34.415803 | L13: =AVERAGE(L12,L14) -> 51.863673 | M13: =AVERAGE(M12,M14) -> 44.155682 | ... O13: =AVERAGE(O12,O14) -> 70.125508 | P13: 1.7284567
A14: Canada | B14: 2013 | C14: North America | D14: High income | E14: =(F14+G14)/((F14/H14)+(G14/I14)) -> 15.086821 | F14: 11.007128 | G14: 31.165557 | H14: 9.5464028 | I14: 18.976548 | J14: 48.452286 | K14: 17.04651 | L14: 27.964259 | M14: 37.337639 | N14: 57.353285 | O14: 70.125508 | P14: 1.7532264
A15: Canada | B15: 2014 | C15: North America | D15: High income | E15: =(F15+G15)/((F15/H15)+(G15/I15)) -> 14.219971 | F15: 13.042923 | G15: 24.11413 | H15: 11.969551 | I15: 15.829738 | J15: 48.975004 | K15: 16.763935 | L15: 30.889295 | M15: 39.276242 | N15: 55.520777 | O15: 69.720099 | P15: 1.6824307
A16: Canada | B16: 2015 | C16: North America | D16: High income | E16: =(F16+G16)/((F16/H16)+(G16/I16)) -> 17.258909 | F16: 17.639945 | G16: 22.677294 | H16: 18.190367 | I16: 16.597792 | J16: 50.49439 | K16: 17.401128 | L16: 31.60376 | M16: 42.64122 | N16: 53.186028 | O16: N/A | P16: 1.6588804
A17: Canada | B17: 2016 | C17: North America | D17: High income | E17: =(F17+G17)/((F17/H17)+(G17/I17)) -> 19.055756 | F17: 12.41111 | G17: 26.35582 | H17: 14.579942 | I17: 22.27599 | J17: 54.073946 | K17: 21.249284 | L17: 36.316574 | M17: 44.077729 | N17: 58.964987 | O17: 73.51027 | P17: 1.7705123
A18: Canada | B18: 2017 | C18: North America | D18: High income | E18: =(F18+G18)/((F18/H18)+(G18/I18)) -> 24.38535 | F18: 13.018689 | G18: 31.413824 | H18: 17.183107 | I18: 29.511679 | J18: 55.586899 | K18: 23.092898 | L18: 39.214346 | M18: 47.169939 | N18: 60.227593 | O18: 73.960329 | P18: 1.8439556
A19: Canada | B19: 2018 | C19: North America | D19: High income | E19: =(F19+G19)/((F19/H19)+(G19/I19)) -> 26.568474 | F19: 20.135682 | G19: 28.997783 | H19: 27.342862 | I19: 26.056055 | J19: 55.86024 | K19: 23.994098 | L19: 39.868182 | M19: 47.28313 | N19: 62.978252 | O19: 74.087983 | P19: 1.642282
A20: Canada | B20: 2019 | C20: North America | D20: High income | E20: =(F20+G20)/((F20/H20)+(G20/I20)) -> 28.195825 | F20: 19.610852 | G20: 34.2493 | H20: 25.665302 | I20: 29.882888 | J20: 56.802298 | K20: 21.252377 | L20: 55.113367 | M20: 49.673021 | N20: 67.081865 | O20: 79.89629 | P20: 1.6826483
A21: Canada | B21: 2020 | C21: North America | D21: High income | E21: =(F21+G21)/((F21/H21)+(G21/I21)) -> 22.068607 | F21: 19.863716 | G21: 29.216807 | H21: 22.431 | I21: 21.82884 | J21: 55.616022 | K21: 17.723338 | L21: 50.9622 | M21: 57.466361 | N21: 49.105005 | O21: 81.342945 | P21: 1.5928788
A22: Canada | B22: 2021 | C22: North America | D22: High income | E22: =(F22+G22)/((F22/H22)+(G22/I22)) -> 31.297988 | F22: 21.36588 | G22: 32.692276 | H22: 30.828455 | I22: 31.612656 | J22: 58.928483 | K22: 22.482472 | L22: 51.70271 | M22: 52.996602 | N22: 70.499761 | O22: N/A | P22: 1.6316738
A23: Canada | B23: 2022 | C23: North America | D23: High income | E23: =(F23+G23)/((F23/H23)+(G23/I23)) -> 24.363705 | F23: 16.687971 | G23: 35.011123 | H23: 20.779668 | I23: 26.546093 | J23: 55.401265 | K23: 20.081493 | L23: 47.264804 | M23: 52.258502 | N23: 58.838594 | O23: 79.655224 | P23: 1.6322148
A24: Chile | B24: 2012 | C24: Latin America & Caribbean | D24: High income | E24: =(F24+G24)/((F24/H24)+(G24/I24)) -> 22.817898 | F24: 14.910414 | G24: 29.917283 | H24: 18.222202 | I24: 26.098327 | J24: 59.908993 | K24: 44.877249 | L24: 41.847447 | M24: 32.021436 | N24: 64.905203 | O24: 67.778872 | P24: 1.5473793
A25: Chile | B25: 2013 | C25: Latin America & Caribbean | D25: High income | E25: =(F25+G25)/((F25/H25)+(G25/I25)) -> 23.406887 | F25: 10.959747 | G25: 29.233413 | H25: 13.953939 | I25: 31.375484 | J25: 59.625395 | K25: 47.318503 | L25: 42.243939 | M25: 31.409331 | N25: 68.397162 | O25: 67.249755 | P25: 1.5014762
A26: Chile | B26: 2014 | C26: Latin America & Caribbean | D26: High income | E26: =(F26+G26)/((F26/H26)+(G26/I26)) -> 26.81454 | F26: 13.295936 | G26: 28.233232 | H26: 18.558806 | I26: 33.920572 | J26: 64.870435 | K26: 48.837006 | L26: 48.306127 | M26: 31.099444 | N26: 66.999051 | O26: 64.434109 | P26: 1.3238528
A27: Chile | B27: 2015 | C27: Latin America & Caribbean | D27: High income | E27: =(F27+G27)/((F27/H27)+(G27/I27)) -> 25.221463 | F27: 11.347736 | G27: 29.112264 | H27: 17.237357 | I27: 30.778392 | J27: 65.718379 | K27: 52.160956 | L27: 43.741753 | M27: 30.790631 | N27: 57.354068 | O27: 64.891057 | P27: 1.2230295
A28: Chile | B28: 2016 | C28: Latin America & Caribbean | D28: High income | E28: =(F28+G28)/((F28/H28)+(G28/I28)) -> 23.773777 | F28: 11.037853 | G28: 29.611159 | H28: 16.000336 | I28: 29.031281 | J28: 61.210161 | K28: 47.924933 | L28: 40.431561 | M28: 31.226939 | N28: 50.380336 | O28: 63.848785 | P28: 1.2761322
A29: Chile | B29: 2017 | C29: Latin America & Caribbean | D29: High income | E29: =(F29+G29)/((F29/H29)+(G29/I29)) -> 23.038291 | F29: 9.311877 | G29: 30.421247 | H29: 13.63765 | I29: 29.199277 | J29: 61.829448 | K29: 47.25586 | L29: 43.399801 | M29: 32.405517 | N29: 55.531331 | O29: 62.867921 | P29: 1.2402076
A30: Chile | B30: 2018 | C30: Latin America & Caribbean | D30: High income | E30: =(F30+G30)/((F30/H30)+(G30/I30)) -> 23.482586 | F30: 12.544543 | G30: 26.052713 | H30: 18.834333 | I30: 26.649452 | J30: 62.515416 | K30: 50.178285 | L30: 42.117337 | M30: 32.110956 | N30: 61.783506 | O30: 60.818472 | P30: 1.1753875
A31: Chile | B31: 2019 | C31: Latin America & Caribbean | D31: High income | E31: =(F31+G31)/((F31/H31)+(G31/I31)) -> 36.567168 | F31: 14.362867 | G31: 26.660027 | H31: 31.594539 | I31: 39.955033 | J31: 75.541012 | K31: 55.93609 | L31: 70.963566 | M31: 58.008635 | N31: 47.623379 | O31: 74.580689 | P31: 1.0772532
A32: Chile | B32: 2020 | C32: Latin America & Caribbean | D32: High income | E32: =(F32+G32)/((F32/H32)+(G32/I32)) -> 27.852873 | F32: 18.226002 | G32: 26.001075 | H32: 28.344209 | I32: 27.518493 | J32: 71.694817 | K32: 51.915821 | L32: 65.752965 | M32: 50.525529 | N32: 46.688562 | O32: N/A | P32: 0.8902664
A33: Chile | B33: 2021 | C33: Latin America & Caribbean | D33: High income | E33: =(F33+G33)/((F33/H33)+(G33/I33)) -> 32.932848 | F33: 13.801239 | G33: 31.559952 | H33: 24.707051 | I33: 38.54466 | J33: 70.722215 | K33: 51.44554 | L33: 70.720469 | M33: 49.720552 | N33: 59.748497 | O33: N/A | P33: 0.8736894
A34: Chile | B34: 2022 | C34: Latin America & Caribbean | D34: High income | E34: =(F34+G34)/((F34/H34)+(G34/I34)) -> 26.628345 | F34: 13.091362 | G34: 27.426525 | H34: 21.30214 | I34: 30.237018 | J34: 70.089453 | K34: 48.218213 | L34: 68.551868 | M34: 50.226009 | N34: 50.50428 | O34: 65.39574 | P34: 0.8278003
A35: Colombia | B35: 2012 | C35: Latin America & Caribbean | D35: Upper-middle income | E35: =(F35+G35)/((F35/H35)+(G35/I35)) -> 23.34369 | F35: 21.009883 | G35: 32.826643 | H35: 20.938715 | I35: 25.195887 | J35: 56.56715 | K35: 56.909866 | L35: 29.991304 | M35: 34.670327 | N35: 71.79931 | O35: 75.492872 | P35: 0.221908
A36: Colombia | B36: 2013 | C36: Latin America & Caribbean | D36: Upper-middle income | E36: =(F36+G36)/((F36/H36)+(G36/I36)) -> 24.543505 | F36: 19.650579 | G36: 27.761817 | H36: 22.970643 | I36: 25.793643 | J36: 57.843313 | K36: 57.173181 | L36: 22.847897 | M36: 35.151729 | N36: 67.697081 | O36: 71.362104 | P36: 0.2360812
A37: Colombia | B37: 2014 | C37: Latin America & Caribbean | D37: Upper-middle income | E37: =(F37+G37)/((F37/H37)+(G37/I37)) -> 18.843963 | F37: 16.118056 | G37: 30.613806 | H37: 14.733944 | I37: 22.087918 | J37: 57.411696 | K37: 51.278178 | L37: 26.773188 | M37: 34.332445 | N37: 65.741204 | O37: 67.133779 | P37: 0.2562707
A38: Colombia | B38: 2015 | C38: Latin America & Caribbean | D38: Upper-middle income | E38: =(F38+G38)/((F38/H38)+(G38/I38)) -> 22.358826 | F38: 17.972091 | G38: 27.144395 | H38: 20.324891 | I38: 23.945357 | J38: 59.472294 | K38: 51.805103 | L38: 29.092187 | M38: 37.830914 | N38: 58.262137 | O38: 69.843397 | P38: 0.3094832
A39: Colombia | B39: 2016 | C39: Latin America & Caribbean | D39: Upper-middle income | E39: =(F39+G39)/((F39/H39)+(G39/I39)) -> 28.916253 | F39: 25.264827 | G39: 26.984614 | H39: 25.955248 | I39: 32.374152 | J39: 67.917876 | K39: 53.014109 | L39: 48.1142 | M39: 25.57839 | N39: 51.395427 | O39: 76.203618 | P39: 0.2729462
A40: Colombia | B40: 2017 | C40: Latin America & Caribbean | D40: Upper-middle income | E40: =(F40+G40)/((F40/H40)+(G40/I40)) -> 20.387996 | F40: 19.882734 | G40: 27.609622 | H40: 20.223952 | I40: 20.507789 | J40: 68.495221 | K40: 56.863379 | L40: 41.71508 | M40: 28.083765 | N40: 52.403254 | O40: 75.343288 | P40: 0.1683573
A41: Colombia | B41: 2018 | C41: Latin America & Caribbean | D41: Upper-middle income | E41: =(F41+G41)/((F41/H41)+(G41/I41)) -> 21.274726 | F41: 14.397518 | G41: 28.646507 | H41: 17.072195 | I41: 24.278437 | J41: 66.396656 | K41: 50.151353 | L41: 42.127816 | M41: 27.732374 | N41: 57.479712 | O41: 84.181937 | P41: 0.108854
A42: Colombia | B42: 2019 | C42: Latin America & Caribbean | D42: Upper-middle income | E42: =(F42+G42)/((F42/H42)+(G42/I42)) -> 26.201728 | F42: 19.783134 | G42: 30.336808 | H42: 24.958628 | I42: 27.081318 | J42: 72.37213 | K42: 42.193641 | L42: 66.530969 | M42: 38.350447 | N42: 46.684495 | O42: 65.416093 | P42: 0.2323351
A43: Colombia | B43: 2020 | C43: Latin America & Caribbean | D43: Upper-middle income | E43: =(F43+G43)/((F43/H43)+(G43/I43)) -> 35.621502 | F43: 19.580831 | G43: 31.588735 | H43: 33.127484 | I43: 37.365225 | J43: 64.801064 | K43: 43.275164 | L43: 66.902986 | M43: 42.494986 | N43: 47.886387 | O43: 58.277431 | P43: 0.160839
A44: Colombia | B44: 2021 | C44: Latin America & Caribbean | D44: Upper-middle income | E44: =(F44+G44)/((F44/H44)+(G44/I44)) -> 16.840193 | F44: 17.163109 | G44: 30.495357 | H44: 15.066178 | I44: 18.035397 | J44: 56.236938 | K44: 25.740478 | L44: 58.182983 | M44: 47.625146 | N44: 38.105472 | O44: 61.904697 | P44: 0.2365791
A45: Colombia | B45: 2022 | C45: Latin America & Caribbean | D45: Upper-middle income | E45: =(F45+G45)/((F45/H45)+(G45/I45)) -> 29.131812 | F45: 14.016027 | G45: 31.74876 | H45: 22.520741 | I45: 33.46925 | J45: 66.563222 | K45: 26.395882 | L45: 63.799241 | M45: 38.531766 | N45: 53.441776 | O45: 61.640785 | P45: 0.1864213
... A78: Greece | B78: 2022 | C78: Europe & Central Asia | D78: High income | E78: =(F78+G78)/((F78/H78)+(G78/I78)) -> 5.1368941 | F78: 16.201914 | G78: 27.01739 | H78: 4.9064875 | I78: 5.2857457 | J78: 53.772463 | K78: 9.4903419 | L78: 28.497742 | M78: 60.584928 | N78: 36.34574 | O78: 72.000185 | P78: 0.4212368
A79: Guatemala | B79: 2012 | C79: Latin America & Caribbean | D79: Upper-middle income | E79: =(F79+G79)/((F79/H79)+(G79/I79)) -> 8.5398503 | F79: =AVERAGE(F78,F80) -> 17.467531 | G79: =AVERAGE(G78,G80) -> 32.078615 | H79: =AVERAGE(H78,H80) -> 6.4749932 | I79: =AVERAGE(I78,I80) -> 10.334382 | J79: =AVERAGE(J78,J80) -> 60.110558 | K79: =AVERAGE(K78,K80) -> 24.766648 | L79: =AVERAGE(L78,L80) -> 30.471851 | M79: =AVERAGE(M78,M80) -> 47.434409 | ... O79: =AVERAGE(O78,O80) -> 71.734796 | P79: -0.4652297
A80: Guatemala | B80: 2013 | C80: Latin America & Caribbean | D80: Upper-middle income | E80: =(F80+G80)/((F80/H80)+(G80/I80)) -> 11.779299 | F80: 18.733147 | G80: 37.139841 | H80: 8.0434989 | I80: 15.383018 | J80: 66.448654 | K80: 40.042954 | L80: 32.445959 | M80: 34.28389 | N80: 58.775996 | O80: 71.469407 | P80: -0.5056909
A81: Guatemala | B81: 2014 | C81: Latin America & Caribbean | D81: Upper-middle income | E81: =(F81+G81)/((F81/H81)+(G81/I81)) -> 21.415073 | F81: 24.414812 | G81: 36.7789 | H81: 17.628543 | I81: 24.976378 | J81: 64.167226 | K81: 41.896792 | L81: 26.748443 | M81: 37.104204 | N81: 45.377393 | O81: 76.919309 | P81: -0.4728187
A82: Guatemala | B82: 2015 | C82: Latin America & Caribbean | D82: Upper-middle income | E82: =(F82+G82)/((F82/H82)+(G82/I82)) -> 18.781189 | F82: 26.030714 | G82: 35.653291 | H82: 16.372352 | I82: 21.041449 | J82: 59.981384 | K82: 40.665287 | L82: 31.018646 | M82: 34.613908 | N82: 47.885861 | O82: 79.793681 | P82: -0.4046944
A83: Guatemala | B83: 2016 | C83: Latin America & Caribbean | D83: Upper-middle income | E83: =(F83+G83)/((F83/H83)+(G83/I83)) -> 20.644127 | F83: 26.832925 | G83: 32.816095 | H83: 19.234079 | I83: 21.960522 | J83: 61.564472 | K83: 39.228247 | L83: 34.167372 | M83: 35.51374 | N83: 48.233109 | O83: 78.283943 | P83: -0.3561979
A84: Guatemala | B84: 2017 | C84: Latin America & Caribbean | D84: Upper-middle income | E84: =(F84+G84)/((F84/H84)+(G84/I84)) -> 25.561419 | F84: 27.085054 | G84: 32.646312 | H84: 24.059424 | I84: 26.957662 | J84: 64.493465 | K84: 46.049985 | L84: 43.408179 | M84: 35.180367 | N84: 53.305195 | O84: 73.424408 | P84: -0.4515757
A85: Guatemala | B85: 2018 | C85: Latin America & Caribbean | D85: Upper-middle income | E85: =(F85+G85)/((F85/H85)+(G85/I85)) -> 28.726692 | F85: 27.560546 | G85: 32.67411 | H85: 27.372735 | I85: 29.977426 | J85: 65.158715 | K85: 49.226982 | L85: 42.813009 | M85: 33.8967 | N85: 54.629673 | O85: 71.720088 | P85: -0.3907315
A86: Guatemala | B86: 2019 | C86: Latin America & Caribbean | D86: Upper-middle income | E86: =(F86+G86)/((F86/H86)+(G86/I86)) -> 27.72248 | F86: 24.47486 | G86: 39.143985 | H86: 22.32076 | I86: 32.665167 | J86: 77.42088 | K86: 51.642468 | L86: 68.429711 | M86: 39.966096 | N86: 67.249892 | O86: 80.795276 | P86: -0.4231478
A87: Guatemala | B87: 2020 | C87: Latin America & Caribbean | D87: Upper-middle income | E87: =(F87+G87)/((F87/H87)+(G87/I87)) -> 32.089676 | F87: 30.212617 | G87: 33.58047 | H87: 32.937322 | I87: 31.363484 | J87: 74.417598 | K87: 50.003673 | L87: 71.368921 | M87: 40.958032 | N87: 62.648216 | O87: 78.601837 | P87: -0.3770766
A88: Guatemala | B88: 2021 | C88: Latin America & Caribbean | D88: Upper-middle income | E88: =(F88+G88)/((F88/H88)+(G88/I88)) -> 31.168909 | F88: 25.982857 | G88: 35.361211 | H88: 28.508818 | I88: 33.463177 | J88: 76.327279 | K88: 46.334792 | L88: 71.112509 | M88: 40.253995 | N88: 69.110946 | O88: 79.831537 | P88: -0.3859928
A89: Guatemala | B89: 2022 | C89: Latin America & Caribbean | D89: Upper-middle income | E89: =(F89+G89)/((F89/H89)+(G89/I89)) -> 35.158373 | F89: 28.387404 | G89: 37.729385 | H89: 33.209609 | I89: 36.782353 | J89: 77.527401 | K89: 47.293581 | L89: 71.504968 | M89: 42.246578 | N89: 68.266299 | O89: 80.790437 | P89: -0.3817018
A90: India | B90: 2012 | C90: South Asia | D90: Lower-middle income | E90: =(F90+G90)/((F90/H90)+(G90/I90)) -> 23.078682 | F90: =AVERAGE(F89,F91) -> 22.724166 | G90: =AVERAGE(G89,G91) -> 38.181463 | H90: =AVERAGE(H89,H91) -> 20.190883 | I90: =AVERAGE(I89,I91) -> 25.225995 | J90: =AVERAGE(J89,J91) -> 66.653239 | K90: =AVERAGE(K89,K91) -> 36.386273 | L90: =AVERAGE(L89,L91) -> 55.033707 | M90: =AVERAGE(M89,M91) -> 38.932517 | ... O90: =AVERAGE(O89,O91) -> 75.577035 | P90: -0.3740965
A91: India | B91: 2013 | C91: South Asia | D91: Lower-middle income | E91: =(F91+G91)/((F91/H91)+(G91/I91)) -> 10.700181 | F91: 17.060929 | G91: 38.633542 | H91: 7.1721573 | I91: 13.669637 | J91: 55.779077 | K91: 25.478965 | L91: 38.562447 | M91: 35.618456 | N91: 41.434428 | O91: 70.363634 | P91: -0.3722425
A92: India | B92: 2014 | C92: South Asia | D92: Lower-middle income | E92: =(F92+G92)/((F92/H92)+(G92/I92)) -> 7.2356386 | F92: 19.891543 | G92: 36.486781 | H92: 5.5860043 | I92: 8.6240974 | J92: 36.697128 | K92: 9.5999676 | L92: 23.058242 | M92: 35.680772 | N92: 38.906991 | O92: 66.159126 | P92: -0.3809019
A93: India | B93: 2015 | C93: South Asia | D93: Lower-middle income | E93: =(F93+G93)/((F93/H93)+(G93/I93)) -> 10.202351 | F93: 18.880774 | G93: 29.546556 | H93: 8.7035839 | I93: 11.463825 | J93: 37.840648 | K93: 13.391494 | L93: 37.598664 | M93: 30.826092 | N93: 37.790576 | O93: 46.645061 | P93: -0.3303195
A94: India | B94: 2016 | C94: South Asia | D94: Lower-middle income | E94: =(F94+G94)/((F94/H94)+(G94/I94)) -> 10.530875 | F94: 21.927091 | G94: 29.149142 | H94: 9.9018741 | I94: 11.059342 | J94: 43.990008 | K94: 19.708711 | L94: 33.33384 | M94: 34.713627 | N94: 44.341493 | O94: 46.741996 | P94: -0.2535746
A95: India | B95: 2017 | C95: South Asia | D95: Lower-middle income | E95: =(F95+G95)/((F95/H95)+(G95/I95)) -> 8.8025018 | F95: 23.236618 | G95: 25.521865 | H95: 9.1790079 | I95: 8.4856038 | J95: 42.052288 | K95: 14.055211 | L95: 30.816616 | M95: 34.524533 | N95: 44.920661 | O95: 56.177026 | P95: -0.2158267
A96: India | B96: 2018 | C96: South Asia | D96: Lower-middle income | E96: =(F96+G96)/((F96/H96)+(G96/I96)) -> 12.807772 | F96: 25.218615 | G96: 32.437477 | H96: 12.257771 | I96: 13.270707 | J96: 52.215917 | K96: 24.828807 | L96: 31.496585 | M96: 40.10019 | N96: 49.828075 | O96: 65.031617 | P96: -0.1555625
A97: India | B97: 2019 | C97: South Asia | D97: Lower-middle income | E97: =(F97+G97)/((F97/H97)+(G97/I97)) -> 15.841161 | F97: 22.875082 | G97: 31.508959 | H97: 14.579623 | I97: 16.902968 | J97: 85.146946 | K97: 34.914052 | L97: 64.424651 | M97: 55.93649 | N97: 83.144799 | O97: 92.303198 | P97: -0.0981205
A98: India | B98: 2020 | C98: South Asia | D98: Lower-middle income | E98: =(F98+G98)/((F98/H98)+(G98/I98)) -> 5.5167001 | F98: 18.609245 | G98: 34.548738 | H98: 4.2244859 | I98: 6.6049443 | J98: 81.651 | K98: 22.420463 | L98: 61.877096 | M98: 48.821608 | N98: 82.450703 | O98: 86.055179 | P98: -0.1486534
A99: India | B99: 2021 | C99: South Asia | D99: Lower-middle income | E99: =(F99+G99)/((F99/H99)+(G99/I99)) -> 14.216165 | F99: 20.850736 | G99: 29.996359 | H99: 12.765037 | I99: 15.435909 | J99: 85.986828 | K99: 27.211249 | L99: 63.121257 | M99: 48.222324 | N99: 83.414913 | O99: 87.008518 | P99: -0.1699149
A100: India | B100: 2022 | C100: South Asia | D100: Lower-middle income | E100: =(F100+G100)/((F100/H100)+(G100/I100)) -> 9.8240864 | F100: 20.747247 | G100: 22.953056 | H100: 10.253375 | I100: 9.4658562 | J100: 78.075601 | K100: 22.23375 | L100: 47.408984 | M100: 51.164137 | N100: 75.452295 | O100: 90.51695 | P100: -0.087658
A101: Iran | B101: 2012 | C101: Middle East & North Africa | D101: Upper-middle income | E101: =(F101+G101)/((F101/H101)+(G101/I101)) -> 12.707082 | F101: 28.031861 | G101: 39.806575 | H101: 10.590889 | I101: 14.787859 | J101: 54.153125 | K101: 22.277242 | L101: 39.948236 | M101: 39.860723 | N101: 39.168246 | O101: 72.973969 | P101: -1.2487391
A102: Iran | B102: 2013 | C102: Middle East & North Africa | D102: Upper-middle income | E102: =(F102+G102)/((F102/H102)+(G102/I102)) -> 13.511114 | F102: 15.581542 | G102: 43.629387 | H102: 8.7860343 | I102: 16.723015 | J102: 56.515091 | K102: 33.142031 | L102: 42.72943 | M102: 36.088866 | N102: 36.989316 | O102: 82.387677 | P102: -1.3745965
... A113: Israel | B113: 2013 | C113: Middle East & North Africa | D113: High income | E113: =(F113+G113)/((F113/H113)+(G113/I113)) -> 10.737351 | F113: 16.998477 | G113: 30.089535 | H113: 9.2036798 | I113: 11.853187 | J113: 36.173334 | K113: 26.712111 | L113: 40.675805 | M113: 53.33458 | N113: 46.501877 | O113: 80.295313 | P113: 1.0845921
A114: Israel | B114: 2014 | C114: Middle East & North Africa | D114: High income | E114: =(F114+G114)/((F114/H114)+(G114/I114)) -> 10.971089 | F114: =AVERAGE(F113,F115) -> 14.518653 | G114: =AVERAGE(G113,G115) -> 29.741469 | H114: =AVERAGE(H113,H115) -> 8.4720588 | I114: =AVERAGE(I113,I115) -> 12.816614 | J114: =AVERAGE(J113,J115) -> 38.867567 | K114: =AVERAGE(K113,K115) -> 26.518941 | L114: =AVERAGE(L113,L115) -> 48.513892 | M114: =AVERAGE(M113,M115) -> 53.689234 | ... O114: =AVERAGE(O113,O115) -> 83.26644 | P114: 1.039203
A115: Israel | B115: 2015 | C115: Middle East & North Africa | D115: High income | E115: =(F115+G115)/((F115/H115)+(G115/I115)) -> 11.233246 | F115: 12.038829 | G115: 29.393403 | H115: 7.7404379 | I115: 13.780041 | J115: 41.561801 | K115: 26.325772 | L115: 56.351978 | M115: 54.043887 | N115: 55.495221 | O115: 86.237567 | P115: 1.0998742
A116: Israel | B116: 2016 | C116: Middle East & North Africa | D116: High income | E116: =(F116+G116)/((F116/H116)+(G116/I116)) -> 9.2318263 | F116: 12.118514 | G116: 23.028851 | H116: 7.6185892 | I116: 10.389528 | J116: 41.099679 | K116: 25.604529 | L116: 50.546831 | M116: 53.527154 | N116: 53.687762 | O116: 85.503843 | P116: 1.2410934
A117: Israel | B117: 2017 | C117: Middle East & North Africa | D117: High income | E117: =(F117+G117)/((F117/H117)+(G117/I117)) -> 11.644137 | F117: 10.780406 | G117: 28.254813 | H117: 7.4806969 | I117: 14.783397 | J117: 44.140881 | K117: 30.61099 | L117: 60.165716 | M117: 54.713097 | N117: 58.2898 | O117: 86.074083 | P117: 1.21522
A118: Israel | B118: 2018 | C118: Middle East & North Africa | D118: High income | E118: =(F118+G118)/((F118/H118)+(G118/I118)) -> 12.744104 | F118: 19.123454 | G118: 30.551667 | H118: 11.708683 | I118: 13.490861 | J118: 41.482627 | K118: 31.912978 | L118: 56.074059 | M118: 53.29881 | N118: 56.225805 | O118: 84.981416 | P118: 1.163545
A119: Israel | B119: 2019 | C119: Middle East & North Africa | D119: High income | E119: =(F119+G119)/((F119/H119)+(G119/I119)) -> 13.295221 | F119: 13.264354 | G119: 31.751156 | H119: 9.2873895 | I119: 16.21918 | J119: 43.342813 | K119: 30.36944 | L119: 72.604084 | M119: 53.510756 | N119: 45.995093 | O119: 84.134109 | P119: 1.2416535
A120: Israel | B120: 2020 | C120: Middle East & North Africa | D120: High income | E120: =(F120+G120)/((F120/H120)+(G120/I120)) -> 8.4080075 | F120: 11.996356 | G120: 29.531845 | H120: 6.3897171 | I120: 9.6456405 | J120: 37.671534 | K120: 22.870562 | L120: 68.131158 | M120: 56.100419 | N120: 25.028689 | O120: 83.699406 | P120: 1.1520351
A121: Israel | B121: 2021 | C121: Middle East & North Africa | D121: High income | E121: =(F121+G121)/((F121/H121)+(G121/I121)) -> 9.3356657 | F121: 8.9113966 | G121: 31.462024 | H121: 4.838164 | I121: 12.672266 | J121: 37.539921 | K121: 19.856368 | L121: 63.47582 | M121: 53.797022 | N121: 45.833874 | O121: 82.648922 | P121: 1.1753426
A122: Israel | B122: 2022 | C122: Middle East & North Africa | D122: High income | E122: =(F122+G122)/((F122/H122)+(G122/I122)) -> 8.4189911 | F122: 10.896393 | G122: 29.227268 | H122: 5.3698078 | I122: 10.679923 | J122: 35.413263 | K122: 16.197607 | L122: 59.224729 | M122: 56.475516 | N122: 46.747069 | O122: 81.33549 | P122: 1.1223555
A123: Latvia | B123: 2012 | C123: Europe & Central Asia | D123: High income | E123: =(F123+G123)/((F123/H123)+(G123/I123)) -> 17.88773 | F123: 13.964839 | G123: 37.447926 | H123: 11.835166 | I123: 22.102988 | J123: 43.561804 | K123: 26.865203 | L123: 32.344478 | M123: 38.073286 | N123: 33.051279 | O123: 53.328645 | P123: 0.9299474
A124: Latvia | B124: 2013 | C124: Europe & Central Asia | D124: High income | E124: =(F124+G124)/((F124/H124)+(G124/I124)) -> 19.703074 | F124: 19.395576 | G124: 36.871208 | H124: 17.578886 | I124: 21.04051 | J124: 47.847753 | K124: 26.7451 | L124: 30.979475 | M124: 42.548764 | N124: 34.802119 | O124: 59.477325 | P124: 0.9497473
A125: Latvia | B125: 2014 | C125: Europe & Central Asia | D125: High income | E125: =(F125+G125)/((F125/H125)+(G125/I125)) -> 19.828475 | F125: =AVERAGE(F124,F126) -> 17.394043 | G125: =AVERAGE(G124,G126) -> 37.068849 | H125: =AVERAGE(H124,H126) -> 16.772425 | I125: =AVERAGE(I124,I126) -> 21.682265 | J125: =AVERAGE(J124,J126) -> 48.463831 | K125: =AVERAGE(K124,K126) -> 25.127785 | L125: =AVERAGE(L124,L126) -> 31.866617 | M125: =AVERAGE(M124,M126) -> 42.656823 | ... O125: =AVERAGE(O124,O126) -> 58.829267 | P125: 1.0179488
A126: Latvia | B126: 2015 | C126: Europe & Central Asia | D126: High income | E126: =(F126+G126)/((F126/H126)+(G126/I126)) -> 19.996372 | F126: 15.392511 | G126: 37.266491 | H126: 15.965964 | I126: 22.32402 | J126: 49.079909 | K126: 23.51047 | L126: 32.753759 | M126: 42.764882 | N126: 34.734427 | O126: 58.181209 | P126: 1.0059047
A127: Latvia | B127: 2016 | C127: Europe & Central Asia | D127: High income | E127: =(F127+G127)/((F127/H127)+(G127/I127)) -> 20.535929 | F127: 20.671535 | G127: 31.226045 | H127: 24.773328 | I127: 18.447117 | J127: 49.893976 | K127: 22.267943 | L127: 35.608449 | M127: 42.655456 | N127: 31.898565 | O127: 57.843015 | P127: 0.9858411
A128: Latvia | B128: 2017 | C128: Europe & Central Asia | D128: High income | E128: =(F128+G128)/((F128/H128)+(G128/I128)) -> 19.666496 | F128: 15.313446 | G128: 33.455856 | H128: 19.733577 | I128: 19.635943 | J128: 49.028481 | K128: 21.83537 | L128: 34.046782 | M128: 46.125311 | N128: 36.277811 | O128: 58.536429 | P128: 0.9965005
A129: Latvia | B129: 2018 | C129: Europe & Central Asia | D129: High income | E129: =(F129+G129)/((F129/H129)+(G129/I129)) -> 20.534834 | F129: =AVERAGE(F128,F130) -> 13.838263 | G129: =AVERAGE(G128,G130) -> 33.798765 | H129: =AVERAGE(H128,H130) -> 19.319274 | I129: =AVERAGE(I128,I130) -> 21.077825 | J129: =AVERAGE(J128,J130) -> 53.00031 | K129: =AVERAGE(K128,K130) -> 24.898245 | L129: =AVERAGE(L128,L130) -> 40.532449 | M129: =AVERAGE(M128,M130) -> 46.058395 | ... O129: =AVERAGE(O128,O130) -> 59.407822 | P129: 1.0176263
A130: Latvia | B130: 2019 | C130: Europe & Central Asia | D130: High income | E130: =(F130+G130)/((F130/H130)+(G130/I130)) -> 21.430376 | F130: 12.36308 | G130: 34.141674 | H130: 18.904971 | I130: 22.519707 | J130: 56.972139 | K130: 27.961121 | L130: 47.018117 | M130: 45.991479 | N130: 35.552496 | O130: 60.279216 | P130: 1.0030074
A131: Latvia | B131: 2020 | C131: Europe & Central Asia | D131: High income | E131: =(F131+G131)/((F131/H131)+(G131/I131)) -> 27.544197 | F131: 16.188774 | G131: 41.454689 | H131: 25.575828 | I131: 28.39769 | J131: 55.31007 | K131: 22.634657 | L131: 36.793792 | M131: 40.791199 | N131: 37.071305 | O131: 61.84049 | P131: 0.9806216
A132: Latvia | B132: 2021 | C132: Europe & Central Asia | D132: High income | E132: =(F132+G132)/((F132/H132)+(G132/I132)) -> 21.971453 | F132: 16.785296 | G132: 29.393587 | H132: 25.655915 | I132: 20.30616 | J132: 53.328147 | K132: 24.573147 | L132: 41.137218 | M132: 39.103998 | N132: 39.639881 | O132: 59.651956 | P132: 1.1028018
A133: Latvia | B133: 2022 | C133: Europe & Central Asia | D133: High income | E133: =(F133+G133)/((F133/H133)+(G133/I133)) -> 21.121007 | F133: 11.34796 | G133: 34.555268 | H133: 16.281164 | I133: 23.405951 | J133: 53.878361 | K133: 23.481932 | L133: 38.022169 | M133: 36.876844 | N133: 34.564265 | O133: 58.063759 | P133: 0.9590621
A134: Luxembourg | B134: 2012 | C134: Europe & Central Asia | D134: High income | E134: =(F134+G134)/((F134/H134)+(G134/I134)) -> 15.014612 | F134: =AVERAGE(F133,F135) -> 10.657416 | G134: =AVERAGE(G133,G135) -> 30.454044 | H134: =AVERAGE(H133,H135) -> 11.463505 | I134: =AVERAGE(I133,I135) -> 16.84019 | J134: =AVERAGE(J133,J135) -> 48.577055 | K134: =AVERAGE(K133,K135) -> 21.358547 | L134: =AVERAGE(L133,L135) -> 36.926538 | M134: =AVERAGE(M133,M135) -> 43.228298 | ... O134: =AVERAGE(O133,O135) -> 64.330213 | P134: 1.7520668
A135: Luxembourg | B135: 2013 | C135: Europe & Central Asia | D135: High income | E135: =(F135+G135)/((F135/H135)+(G135/I135)) -> 8.9355946 | F135: 9.9668709 | G135: 26.35282 | H135: 6.6458465 | I135: 10.274429 | J135: 43.275749 | K135: 19.235161 | L135: 35.830907 | M135: 49.579752 | N135: 45.570065 | O135: 70.596667 | P135: 1.7748859
A136: Luxembourg | B136: 2014 | C136: Europe & Central Asia | D136: High income | E136: =(F136+G136)/((F136/H136)+(G136/I136)) -> 8.9338523 | F136: 12.975732 | G136: 31.434113 | H136: 7.0728067 | I136: 10.022457 | J136: 37.56172 | K136: 16.435216 | L136: 34.62464 | M136: 50.699963 | N136: 42.53553 | O136: 68.179477 | P136: 1.5852947
A137: Luxembourg | B137: 2015 | C137: Europe & Central Asia | D137: High income | E137: =(F137+G137)/((F137/H137)+(G137/I137)) -> 10.957781 | F137: 11.463171 | G137: 26.769957 | H137: 9.0110215 | I137: 12.074842 | J137: 43.961674 | K137: 19.058676 | L137: 36.435159 | M137: 47.588556 | N137: 48.176851 | O137: 68.809493 | P137: 1.6718385
A138: Luxembourg | B138: 2016 | C138: Europe & Central Asia | D138: High income | E138: =(F138+G138)/((F138/H138)+(G138/I138)) -> 10.403316 | F138: 7.3750765 | G138: 32.935767 | H138: 5.2616564 | I138: 13.317374 | J138: 40.82841 | K138: 18.309661 | L138: 37.199816 | M138: 51.40316 | N138: 49.791171 | O138: 69.577605 | P138: 1.7201424
A139: Luxembourg | B139: 2017 | C139: Europe & Central Asia | D139: High income | E139: =(F139+G139)/((F139/H139)+(G139/I139)) -> 11.26649 | F139: 16.646554 | G139: 27.66635 | H139: 11.700081 | I139: 11.020751 | J139: 40.86263 | K139: 16.511066 | L139: 35.420235 | M139: 50.584935 | N139: 54.767558 | O139: 69.953278 | P139: 1.6392801
A140: Luxembourg | B140: 2018 | C140: Europe & Central Asia | D140: High income | E140: =(F140+G140)/((F140/H140)+(G140/I140)) -> 10.819596 | F140: 5.7159228 | G140: 30.27372 | H140: 4.7684733 | I140: 14.228723 | J140: 43.908271 | K140: 20.307843 | L140: 35.293922 | M140: 50.735549 | N140: 55.001288 | O140: 74.224417 | P140: 1.7344219
A141: Luxembourg | B141: 2019 | C141: Europe & Central Asia | D141: High income | E141: =(F141+G141)/((F141/H141)+(G141/I141)) -> 11.371544 | F141: 9.6854416 | G141: 30.244399 | H141: 7.7465035 | I141: 13.376062 | J141: 48.494628 | K141: 18.395997 | L141: 46.393189 | M141: 48.357035 | N141: 58.010202 | O141: 81.348934 | P141: 1.7336486
A142: Luxembourg | B142: 2020 | C142: Europe & Central Asia | D142: High income | E142: =(F142+G142)/((F142/H142)+(G142/I142)) -> 9.2860613 | F142: 13.133709 | G142: 28.790926 | H142: 8.2935023 | I142: 9.8223068 | J142: 45.734239 | K142: 14.51602 | L142: 45.865717 | M142: 48.684301 | N142: 41.917374 | O142: N/A | P142: 1.8008159
...

Sheet 2019-2022
A1: Country | B1: Year | C1: Region | D1: Income Group | E1: TEA_18_34 | F1: Teaap1 | G1: Teaap2 | H1: Teaac1 | I1: Teaac2 | J1: Suskil | K1: Futsup | L1: Knoent | M1: Frfail | N1: Opport | O1: Nbstat | P1: RQ | R1: TEA 18-34 | S1: Teaap1 | T1: Teaap2 | U1: Teaac1 | V1: Teaac2 | W1: Suskil | X1: Futsup | Y1: Knoent | Z1: Frfail | AA1: Opport | AB1: Nbstat | AC1: Regulatory Quality
A2: Canada | B2: 2019 | C2: North America | D2: High income | E2: =(F2+G2)/((F2/H2)+(G2/I2)) -> 28.195825 | F2: 19.610852 | G2: 34.2493 | H2: 25.665302 | I2: 29.882888 | J2: 56.802298 | K2: 21.252377 | L2: 55.113367 | M2: 49.673021 | N2: 67.081865 | O2: 79.89629 | P2: 1.6826483 | R2: =AVERAGE(E$2:E$117) -> 14.366766 | S2: =AVERAGE(F$2:F$117) -> 15.562504 | T2: =AVERAGE(G$2:G$117) -> 32.441296 | U2: =AVERAGE(H$2:H$117) -> 12.414133 | V2: =AVERAGE(I$2:I$117) -> 15.580531 | W2: =AVERAGE(J$2:J$117) -> 58.421606 | X2: =AVERAGE(K$2:K$117) -> 27.13032 | Y2: =AVERAGE(L$2:L$117) -> 51.677901 | ... AC2: =AVERAGE(P$2:P$117) -> 0.66090347
A3: Canada | B3: 2020 | C3: North America | D3: High income | E3: =(F3+G3)/((F3/H3)+(G3/I3)) -> 22.068607 | F3: 19.863716 | G3: 29.216807 | H3: 22.431 | I3: 21.82884 | J3: 55.616022 | K3: 17.723338 | L3: 50.9622 | M3: 57.466361 | N3: 49.105005 | O3: 81.342945 | P3: 1.5928788 | R3: =_xlfn.STDEV.S(E$2:E$117) -> 7.7005455 | S3: =_xlfn.STDEV.S(F$2:F$117) -> 6.9073388 | T3: =_xlfn.STDEV.S(G$2:G$117) -> 8.0693189 | U3: =_xlfn.STDEV.S(H$2:H$117) -> 7.9002115 | V3: =_xlfn.STDEV.S(I$2:I$117) -> 7.9180865 | W3: =_xlfn.STDEV.S(J$2:J$117) -> 14.659897 | X3: =_xlfn.STDEV.S(K$2:K$117) -> 15.976501 | Y3: =_xlfn.STDEV.S(L$2:L$117) -> 14.848062 | ... AC3: =_xlfn.STDEV.S(P$2:P$117) -> 0.73542864
A4: Canada | B4: 2021 | C4: North America | D4: High income | E4: =(F4+G4)/((F4/H4)+(G4/I4)) -> 31.297988 | F4: 21.36588 | G4: 32.692276 | H4: 30.828455 | I4: 31.612656 | J4: 58.928483 | K4: 22.482472 | L4: 51.70271 | M4: 52.996602 | N4: 70.499761 | O4: =AVERAGE(O3,O5) -> 80.499085 | P4: 1.6316738
A5: Canada | B5: 2022 | C5: North America | D5: High income | E5: =(F5+G5)/((F5/H5)+(G5/I5)) -> 24.363705 | F5: 16.687971 | G5: 35.011123 | H5: 20.779668 | I5: 26.546093 | J5: 55.401265 | K5: 20.081493 | L5: 47.264804 | M5: 52.258502 | N5: 58.838594 | O5: 79.655224 | P5: 1.6322148
A6: Colombia | B6: 2019 | C6: Latin America & Caribbean | D6: Upper-middle income | E6: =(F6+G6)/((F6/H6)+(G6/I6)) -> 26.201728 | F6: 19.783134 | G6: 30.336808 | H6: 24.958628 | I6: 27.081318 | J6: 72.37213 | K6: 42.193641 | L6: 66.530969 | M6: 38.350447 | N6: 46.684495 | O6: 65.416093 | P6: 0.2323351
A7: Colombia | B7: 2020 | C7: Latin America & Caribbean | D7: Upper-middle income | E7: =(F7+G7)/((F7/H7)+(G7/I7)) -> 35.621502 | F7: 19.580831 | G7: 31.588735 | H7: 33.127484 | I7: 37.365225 | J7: 64.801064 | K7: 43.275164 | L7: 66.902986 | M7: 42.494986 | N7: 47.886387 | O7: 58.277431 | P7: 0.160839
A8: Colombia | B8: 2021 | C8: Latin America & Caribbean | D8: Upper-middle income | E8: =(F8+G8)/((F8/H8)+(G8/I8)) -> 16.840193 | F8: 17.163109 | G8: 30.495357 | H8: 15.066178 | I8: 18.035397 | J8: 56.236938 | K8: 25.740478 | L8: 58.182983 | M8: 47.625146 | N8: 38.105472 | O8: 61.904697 | P8: 0.2365791
A9: Colombia | B9: 2022 | C9: Latin America & Caribbean | D9: Upper-middle income | E9: =(F9+G9)/((F9/H9)+(G9/I9)) -> 29.131812 | F9: 14.016027 | G9: 31.74876 | H9: 22.520741 | I9: 33.46925 | J9: 66.563222 | K9: 26.395882 | L9: 63.799241 | M9: 38.531766 | N9: 53.441776 | O9: 61.640785 | P9: 0.1864213
A10: Croatia | B10: 2019 | C10: Europe & Central Asia | D10: High income | E10: =(F10+G10)/((F10/H10)+(G10/I10)) -> 16.27182 | F10: 16.963763 | G10: 36.786377 | H10: 13.461111 | I10: 18.005529 | J10: 71.190689 | K10: 25.621965 | L10: 66.211889 | M10: 51.037397 | N10: 55.657559 | O10: 46.44803 | P10: 0.38478
A11: Croatia | B11: 2020 | C11: Europe & Central Asia | D11: High income | E11: =(F11+G11)/((F11/H11)+(G11/I11)) -> 19.042403 | F11: 14.792354 | G11: 37.270885 | H11: 14.181757 | I11: 22.040559 | J11: 74.990119 | K11: 30.452564 | L11: 67.757462 | M11: 55.403365 | N11: 47.152005 | O11: 53.474827 | P11: 0.2017786
A12: Croatia | B12: 2021 | C12: Europe & Central Asia | D12: High income | E12: =(F12+G12)/((F12/H12)+(G12/I12)) -> 18.135303 | F12: 13.457448 | G12: 37.330464 | H12: 12.14956 | I12: 22.051834 | J12: 71.065817 | K12: 27.926319 | L12: 67.954472 | M12: 49.91385 | N12: 58.330549 | O12: 53.474132 | P12: 0.3318001
A13: Croatia | B13: 2022 | C13: Europe & Central Asia | D13: High income | E13: =(F13+G13)/((F13/H13)+(G13/I13)) -> 21.33206 | F13: 9.3918358 | G13: 40.985287 | H13: 12.945794 | I13: 25.050681 | J13: 73.611628 | K13: 26.441132 | L13: 66.482047 | M13: 52.224344 | N13: 60.015603 | O13: 54.82648 | P13: 0.2993308
A14: Cyprus | B14: 2019 | C14: Europe & Central Asia | D14: High income | E14: =(F14+G14)/((F14/H14)+(G14/I14)) -> 14.41934 | F14: 13.731836 | G14: 35.408215 | H14: 10.590709 | I14: 16.770543 | J14: 58.163845 | K14: 24.872162 | L14: 55.992768 | M14: 42.768594 | N14: 38.522866 | O14: 76.688395 | P14: 1.0395499
A15: Cyprus | B15: 2020 | C15: Europe & Central Asia | D15: High income | E15: =(F15+G15)/((F15/H15)+(G15/I15)) -> 9.4711194 | F15: 9.2696297 | G15: 32.49526 | H15: 5.4312002 | I15: 12.022044 | J15: 58.10072 | K15: 22.648571 | L15: 68.092603 | M15: 55.826932 | N15: 21.095679 | O15: 70.651471 | P15: 0.8979194
A16: Cyprus | B16: 2021 | C16: Europe & Central Asia | D16: High income | E16: =(F16+G16)/((F16/H16)+(G16/I16)) -> 8.1371191 | F16: 7.114171 | G16: 33.333333 | H16: 3.7360651 | I16: 10.869972 | J16: 64.047676 | K16: 17.29796 | L16: 72.912984 | M16: 53.101594 | N16: 50.174659 | O16: 75.396169 | P16: 0.8484873
... A46: Japan | B46: 2019 | C46: East Asia & Pacific | D46: High income | E46: =(F46+G46)/((F46/H46)+(G46/I46)) -> 5.9063574 | F46: 9.1571376 | G46: 23.810402 | H46: 4.1124824 | I46: 7.0969161 | J46: 13.98314 | K46: 7.2701392 | L46: 17.055186 | M46: 39.344853 | N46: 10.556483 | O46: 62.648773 | P46: 1.3886549
A47: Japan | B47: 2020 | C47: East Asia & Pacific | D47: High income | E47: =(F47+G47)/((F47/H47)+(G47/I47)) -> 5.9900594 | F47: =AVERAGE(F46,F48) -> 8.8002464 | G47: =AVERAGE(G46,G48) -> 22.004814 | H47: =AVERAGE(H46,H48) -> 4.2795737 | I47: =AVERAGE(I46,I48) -> 7.1296982 | J47: =AVERAGE(J46,J48) -> 13.119937 | K47: =AVERAGE(K46,K48) -> 7.0527599 | L47: =AVERAGE(L46,L48) -> 18.550168 | M47: =AVERAGE(M46,M48) -> 39.439142 | ... O47: =AVERAGE(O46,O48) -> 62.506017 | P47: 1.3671823
A48: Japan | B48: 2021 | C48: East Asia & Pacific | D48: High income | E48: =(F48+G48)/((F48/H48)+(G48/I48)) -> 6.0696934 | F48: 8.4433552 | G48: 20.199225 | H48: 4.446665 | I48: 7.1624804 | J48: 12.256734 | K48: 6.8353807 | L48: 20.04515 | M48: 39.533431 | N48: 11.744757 | O48: 62.363262 | P48: 1.3955783
A49: Japan | B49: 2022 | C49: East Asia & Pacific | D49: High income | E49: =(F49+G49)/((F49/H49)+(G49/I49)) -> 6.0854678 | F49: 11.867337 | G49: 16.347061 | H49: 6.3942409 | I49: 5.8793601 | J49: 14.893869 | K49: 9.2609795 | L49: 20.426179 | M49: 39.43328 | N49: 12.697522 | O49: 60.393631 | P49: 1.4106972
A50: Latvia | B50: 2019 | C50: Europe & Central Asia | D50: High income | E50: =(F50+G50)/((F50/H50)+(G50/I50)) -> 21.430376 | F50: 12.36308 | G50: 34.141674 | H50: 18.904971 | I50: 22.519707 | J50: 56.972139 | K50: 27.961121 | L50: 47.018117 | M50: 45.991479 | N50: 35.552496 | O50: 60.279216 | P50: 1.0030074
A51: Latvia | B51: 2020 | C51: Europe & Central Asia | D51: High income | E51: =(F51+G51)/((F51/H51)+(G51/I51)) -> 27.544197 | F51: 16.188774 | G51: 41.454689 | H51: 25.575828 | I51: 28.39769 | J51: 55.31007 | K51: 22.634657 | L51: 36.793792 | M51: 40.791199 | N51: 37.071305 | O51: 61.84049 | P51: 0.9806216
A52: Latvia | B52: 2021 | C52: Europe & Central Asia | D52: High income | E52: =(F52+G52)/((F52/H52)+(G52/I52)) -> 21.971453 | F52: 16.785296 | G52: 29.393587 | H52: 25.655915 | I52: 20.30616 | J52: 53.328147 | K52: 24.573147 | L52: 41.137218 | M52: 39.103998 | N52: 39.639881 | O52: 59.651956 | P52: 1.1028018
A53: Latvia | B53: 2022 | C53: Europe & Central Asia | D53: High income | E53: =(F53+G53)/((F53/H53)+(G53/I53)) -> 21.121007 | F53: 11.34796 | G53: 34.555268 | H53: 16.281164 | I53: 23.405951 | J53: 53.878361 | K53: 23.481932 | L53: 38.022169 | M53: 36.876844 | N53: 34.564265 | O53: 58.063759 | P53: 0.9590621
A54: Morocco | B54: 2019 | C54: Middle East & North Africa | D54: Lower-middle income | E54: =(F54+G54)/((F54/H54)+(G54/I54)) -> 11.060035 | F54: 15.770205 | G54: 38.250644 | H54: 6.4574906 | I54: 15.662552 | J54: 62.368791 | K54: 41.436051 | L54: 51.161357 | M54: 45.890621 | N54: 57.661786 | O54: 68.371904 | P54: 0.0271992
A55: Morocco | B55: 2020 | C55: Middle East & North Africa | D55: Lower-middle income | E55: =(F55+G55)/((F55/H55)+(G55/I55)) -> 8.4373471 | F55: 20.717166 | G55: 45.493536 | H55: 5.2792317 | I55: 11.596442 | J55: 63.382037 | K55: 48.008995 | L55: 42.290089 | M55: 39.392694 | N55: 57.292071 | O55: 73.978713 | P55: 0.0648279
A56: Morocco | B56: 2021 | C56: Middle East & North Africa | D56: Lower-middle income | E56: =(F56+G56)/((F56/H56)+(G56/I56)) -> 6.2902234 | F56: 23.558308 | G56: 33.920605 | H56: 5.156238 | I56: 7.4242019 | J56: 61.476356 | K56: 41.577731 | L56: 43.970351 | M56: 37.948062 | N56: 64.126708 | O56: 79.721421 | P56: -0.0751135
A57: Morocco | B57: 2022 | C57: Middle East & North Africa | D57: Lower-middle income | E57: =(F57+G57)/((F57/H57)+(G57/I57)) -> 5.1802435 | F57: 24.135648 | G57: 43.696748 | H57: 3.6897213 | I57: 6.6680814 | J57: 63.329432 | K57: 36.389488 | L57: 51.580489 | M57: 46.849754 | N57: 62.494819 | O57: 85.559471 | P57: -0.0811816
A58: Oman | B58: 2019 | C58: Middle East & North Africa | D58: High income | E58: =(F58+G58)/((F58/H58)+(G58/I58)) -> 7.6882193 | F58: 24.956691 | G58: 40.68271 | H58: 7.1659274 | I58: 8.0480591 | J58: 56.317063 | K58: 63.770446 | L58: 71.079662 | M58: 40.903179 | N58: 72.310214 | O58: 85.67299 | P58: 0.5010361
A59: Oman | B59: 2020 | C59: Middle East & North Africa | D59: High income | E59: =(F59+G59)/((F59/H59)+(G59/I59)) -> 18.138083 | F59: 26.014816 | G59: 39.613682 | H59: 18.052083 | I59: 18.195007 | J59: 64.462969 | K59: 60.610068 | L59: 84.211761 | M59: 42.618296 | N59: 83.791033 | O59: 90.222751 | P59: 0.4719412
... A86: South Africa | B86: 2019 | C86: Sub-Saharan Africa | D86: Upper-middle income | E86: =(F86+G86)/((F86/H86)+(G86/I86)) -> 10.891029 | F86: 16.338409 | G86: 37.294506 | H86: 8.36184 | I86: 12.554625 | J86: 60.354336 | K86: 15.874324 | L86: 28.284386 | M86: 46.57471 | N86: 60.407463 | O86: 82.156628 | P86: 0.1188
A87: South Africa | B87: 2020 | C87: Sub-Saharan Africa | D87: Upper-middle income | E87: =(F87+G87)/((F87/H87)+(G87/I87)) -> 15.044125 | F87: =AVERAGE(F86,F88) -> 20.554785 | G87: =AVERAGE(G86,G88) -> 37.224031 | H87: =AVERAGE(H86,H88) -> 13.847727 | I87: =AVERAGE(I86,I88) -> 15.797798 | J87: =AVERAGE(J86,J88) -> 65.024062 | K87: =AVERAGE(K86,K88) -> 22.794503 | L87: =AVERAGE(L86,L88) -> 32.942368 | M87: =AVERAGE(M86,M88) -> 47.948035 | ... O87: =AVERAGE(O86,O88) -> 82.04041 | P87: 0.0899067
A88: South Africa | B88: 2021 | C88: Sub-Saharan Africa | D88: Upper-middle income | E88: =(F88+G88)/((F88/H88)+(G88/I88)) -> 19.156965 | F88: 24.771162 | G88: 37.153556 | H88: 19.333614 | I88: 19.040971 | J88: 69.693787 | K88: 29.714683 | L88: 37.600351 | M88: 49.321361 | N88: 57.875402 | O88: 81.924192 | P88: 0.0177391
A89: South Africa | B89: 2022 | C89: Sub-Saharan Africa | D89: Upper-middle income | E89: =(F89+G89)/((F89/H89)+(G89/I89)) -> 9.3338516 | F89: 21.140405 | G89: 36.896616 | H89: 7.9370255 | I89: 10.380577 | J89: 63.73121 | K89: 10.064435 | L89: 33.549504 | M89: 51.253065 | N89: 61.311913 | O89: 79.838207 | P89: -0.0622982
A90: South Korea | B90: 2019 | C90: East Asia & Pacific | D90: High income | E90: =(F90+G90)/((F90/H90)+(G90/I90)) -> 9.652918 | F90: 3.6717207 | G90: 16.490946 | H90: 4.2671542 | I90: 13.4258 | J90: 51.701205 | K90: 32.977055 | L90: 37.112093 | M90: 17.136758 | N90: 42.888578 | O90: 85.965092 | P90: 0.9120155
A91: South Korea | B91: 2020 | C91: East Asia & Pacific | D91: High income | E91: =(F91+G91)/((F91/H91)+(G91/I91)) -> 10.284463 | F91: 6.8504767 | G91: 17.751383 | H91: 7.0966135 | I91: 12.441203 | J91: 53.011821 | K91: 34.346224 | L91: 39.92713 | M91: 20.289663 | N91: 44.639269 | O91: 87.694163 | P91: 0.9083199
A92: South Korea | B92: 2021 | C92: East Asia & Pacific | D92: High income | E92: =(F92+G92)/((F92/H92)+(G92/I92)) -> 10.858995 | F92: 7.4686221 | G92: 17.551262 | H92: 8.2644628 | I92: 12.533333 | J92: 53.950249 | K92: 35.196355 | L92: 40.461877 | M92: 21.735942 | N92: 43.994014 | O92: 89.382757 | P92: 0.9879995
A93: South Korea | B93: 2022 | C93: East Asia & Pacific | D93: High income | E93: =(F93+G93)/((F93/H93)+(G93/I93)) -> 10.731707 | F93: 9.2436975 | G93: 18.487395 | H93: 9.4017094 | I93: 11.548556 | J93: 54.810726 | K93: 34.2 | L93: 39.45 | M93: 21.95 | N93: 41.034985 | O93: 90.125174 | P93: 1.01728
A94: Spain | B94: 2019 | C94: Europe & Central Asia | D94: High income | E94: =(F94+G94)/((F94/H94)+(G94/I94)) -> 7.1896667 | F94: 8.6153072 | G94: 25.296921 | H94: 4.9668753 | I94: 8.4824995 | J94: 50.817418 | K94: 8.0653525 | L94: 42.096935 | M94: 55.133597 | N94: 36.133588 | O94: 57.84636 | P94: 0.9446573
A95: Spain | B95: 2020 | C95: Europe & Central Asia | D95: High income | E95: =(F95+G95)/((F95/H95)+(G95/I95)) -> 4.8074595 | F95: 9.4843705 | G95: 17.528757 | H95: 4.5237549 | I95: 4.976322 | J95: 51.870393 | K95: 6.9911293 | L95: 37.346362 | M95: 63.982797 | N95: 16.480252 | O95: 61.144395 | P95: 0.8370928
A96: Spain | B96: 2021 | C96: Europe & Central Asia | D96: High income | E96: =(F96+G96)/((F96/H96)+(G96/I96)) -> 5.3474524 | F96: 5.8548221 | G96: 22.369948 | H96: 2.9265774 | I96: 6.8250966 | J96: 49.750408 | K96: 8.9970138 | L96: 38.10205 | M96: 58.432415 | N96: 30.023275 | O96: 60.697707 | P96: 0.9211695
A97: Spain | B97: 2022 | C97: Europe & Central Asia | D97: High income | E97: =(F97+G97)/((F97/H97)+(G97/I97)) -> 5.9582194 | F97: 6.2454969 | G97: 22.700402 | H97: 3.3451208 | I97: 7.589318 | J97: 46.517703 | K97: 9.3694964 | L97: 41.286012 | M97: 58.454671 | N97: 26.02795 | O97: 55.444405 | P97: 0.8379079
A98: Switzerland | B98: 2019 | C98: Europe & Central Asia | D98: High income | E98: =(F98+G98)/((F98/H98)+(G98/I98)) -> 11.299977 | F98: 15.303452 | G98: 23.993617 | H98: 12.116809 | I98: 10.834142 | J98: 49.145199 | K98: 15.06357 | L98: 54.711317 | M98: 27.161988 | N98: 40.662918 | O98: 76.184336 | P98: 1.767121
A99: Switzerland | B99: 2020 | C99: Europe & Central Asia | D99: High income | E99: =(F99+G99)/((F99/H99)+(G99/I99)) -> 7.2177321 | F99: 8.0293337 | G99: 18.514793 | H99: 6.0116446 | I99: 7.9055582 | J99: 44.52237 | K99: 10.108758 | L99: 44.582878 | M99: 45.462918 | N99: 26.721836 | O99: 71.923703 | P99: 1.6431817
... A103: Taiwan | B103: 2020 | C103: East Asia & Pacific | D103: High income | E103: =(F103+G103)/((F103/H103)+(G103/I103)) -> 9.0530187 | F103: 9.7128916 | G103: 25.022142 | H103: 6.4384668 | I103: 10.747081 | J103: 44.806224 | K103: 17.367951 | L103: 32.329407 | M103: 42.040801 | N103: 39.25303 | O103: 60.399962 | P103: 1.2702715
A104: Taiwan | B104: 2021 | C104: East Asia & Pacific | D104: High income | E104: =(F104+G104)/((F104/H104)+(G104/I104)) -> 8.3269433 | F104: =AVERAGE(F103,F105) -> 9.4883099 | G104: =AVERAGE(G103,G105) -> 29.500095 | H104: =AVERAGE(H103,H105) -> 5.3920926 | I104: =AVERAGE(I103,I105) -> 10.094034 | J104: =AVERAGE(J103,J105) -> 42.371532 | K104: =AVERAGE(K103,K105) -> 17.094922 | L104: =AVERAGE(L103,L105) -> 30.647115 | M104: =AVERAGE(M103,M105) -> 43.289984 | ... O104: =AVERAGE(O103,O105) -> 59.184948 | P104: 1.3411036
A105: Taiwan | B105: 2022 | C105: East Asia & Pacific | D105: High income | E105: =(F105+G105)/((F105/H105)+(G105/I105)) -> 7.5456571 | F105: 9.2637282 | G105: 33.978047 | H105: 4.3457184 | I105: 9.4409874 | J105: 39.936839 | K105: 16.821893 | L105: 28.964822 | M105: 44.539167 | N105: 46.812205 | O105: 57.969935 | P105: 1.2984029
A106: United Arab Emirates | B106: 2019 | C106: Middle East & North Africa | D106: High income | E106: =(F106+G106)/((F106/H106)+(G106/I106)) -> 15.198787 | F106: 10.225276 | G106: 41.877863 | H106: 12.355108 | I106: 16.103796 | J106: 62.160595 | K106: 47.052279 | L106: 61.527001 | M106: 42.287833 | N106: 66.10389 | O106: 79.024987 | P106: 1.1457173
A107: United Arab Emirates | B107: 2020 | C107: Middle East & North Africa | D107: High income | E107: =(F107+G107)/((F107/H107)+(G107/I107)) -> 18.340306 | F107: 16.240939 | G107: 50.809878 | H107: 18.398339 | I107: 18.321834 | J107: 54.700821 | K107: 36.224899 | L107: 65.463274 | M107: 42.069883 | N107: 62.056211 | O107: 84.113312 | P107: 1.0663206
A108: United Arab Emirates | B108: 2021 | C108: Middle East & North Africa | D108: High income | E108: =(F108+G108)/((F108/H108)+(G108/I108)) -> 16.106119 | F108: 14.314198 | G108: 40.585614 | H108: 17.392141 | I108: 15.696764 | J108: 65.119236 | K108: 42.641725 | L108: 54.561445 | M108: 47.227901 | N108: 73.46864 | O108: 79.14244 | P108: 1.0613347
A109: United Arab Emirates | B109: 2022 | C109: Middle East & North Africa | D109: High income | E109: =(F109+G109)/((F109/H109)+(G109/I109)) -> 24.731132 | F109: 11.477132 | G109: 43.051933 | H109: 21.558289 | I109: 25.741086 | J109: 71.664447 | K109: 55.877257 | L109: 60.045306 | M109: 36.696162 | N109: 72.164489 | O109: 87.016192 | P109: 1.0576162
A110: United Kingdom | B110: 2019 | C110: Europe & Central Asia | D110: High income | E110: =(F110+G110)/((F110/H110)+(G110/I110)) -> 10.861453 | F110: 18.468903 | G110: 24.09855 | H110: 12.161244 | I110: 10.039131 | J110: 55.179602 | K110: 9.8941853 | L110: 49.0896 | M110: 48.665191 | N110: 43.838963 | O110: 76.669541 | P110: 1.7134917
A111: United Kingdom | B111: 2020 | C111: Europe & Central Asia | D111: High income | E111: =(F111+G111)/((F111/H111)+(G111/I111)) -> 11.480583 | F111: 17.403747 | G111: 35.879403 | H111: 9.7331631 | I111: 12.575735 | J111: 54.505786 | K111: 10.402864 | L111: 49.808407 | M111: 56.18874 | N111: 27.341801 | O111: 77.101132 | P111: 1.6013639
A112: United Kingdom | B112: 2021 | C112: Europe & Central Asia | D112: High income | E112: =(F112+G112)/((F112/H112)+(G112/I112)) -> 16.021135 | F112: 18.917689 | G112: 27.426988 | H112: 16.974569 | I112: 15.423595 | J112: 51.052237 | K112: 12.129832 | L112: 49.790648 | M112: 58.358119 | N112: 61.221549 | O112: 83.484974 | P112: 1.600758
A113: United Kingdom | B113: 2022 | C113: Europe & Central Asia | D113: High income | E113: =(F113+G113)/((F113/H113)+(G113/I113)) -> 15.875674 | F113: 15.929935 | G113: 28.588467 | H113: 14.808295 | I113: 16.539986 | J113: 53.485915 | K113: 13.020225 | L113: 47.585362 | M113: 59.608622 | N113: 44.353781 | O113: 82.476048 | P113: 1.6491931
A114: United States | B114: 2019 | C114: North America | D114: High income | E114: =(F114+G114)/((F114/H114)+(G114/I114)) -> 19.404974 | F114: 14.139311 | G114: 26.795923 | H114: 15.802262 | I114: 22.058655 | J114: 65.505892 | K114: 20.441541 | L114: 60.845954 | M114: 43.494125 | N114: 67.238318 | O114: 79.662553 | P114: 1.3675576
A115: United States | B115: 2020 | C115: North America | D115: High income | E115: =(F115+G115)/((F115/H115)+(G115/I115)) -> 17.047877 | F115: 15.282371 | G115: 25.408731 | H115: 15.050727 | I115: 18.526489 | J115: 63.997621 | K115: 18.550615 | L115: 60.922225 | M115: 50.526457 | N115: 48.609149 | O115: 78.326274 | P115: 1.2778639
A116: United States | B116: 2021 | C116: North America | D116: High income | E116: =(F116+G116)/((F116/H116)+(G116/I116)) -> 18.915636 | F116: 17.146474 | G116: 26.151744 | H116: 18.940782 | I116: 18.899186 | J116: 64.548913 | K116: 20.51462 | L116: 58.819746 | M116: 48.366414 | N116: 63.152581 | O116: 80.377309 | P116: 1.4642419
